Id2,Geography,Number; Estimate; Households,Number; Margin of Error; Households,Percent Distribution; Estimate; Households,Percent Distribution; Margin of Error; Households,Median income (dollars); Estimate; Households,Median income (dollars); Margin of Error; Households,Number; Estimate; Households - One race-- - White,Number; Margin of Error; Households - One race-- - White,Percent Distribution; Estimate; Households - One race-- - White,Percent Distribution; Margin of Error; Households - One race-- - White,Median income (dollars); Estimate; Households - One race-- - White,Median income (dollars); Margin of Error; Households - One race-- - White,Number; Estimate; Households - One race-- - Black or African American,Number; Margin of Error; Households - One race-- - Black or African American,Percent Distribution; Estimate; Households - One race-- - Black or African American,Percent Distribution; Margin of Error; Households - One race-- - Black or African American,Median income (dollars); Estimate; Households - One race-- - Black or African American,Median income (dollars); Margin of Error; Households - One race-- - Black or African American,Number; Estimate; Households - One race-- - American Indian and Alaska Native,Number; Margin of Error; Households - One race-- - American Indian and Alaska Native,Percent Distribution; Estimate; Households - One race-- - American Indian and Alaska Native,Percent Distribution; Margin of Error; Households - One race-- - American Indian and Alaska Native,Median income (dollars); Estimate; Households - One race-- - American Indian and Alaska Native,Median income (dollars); Margin of Error; Households - One race-- - American Indian and Alaska Native,Number; Estimate; Households - One race-- - Asian,Number; Margin of Error; Households - One race-- - Asian,Percent Distribution; Estimate; Households - One race-- - Asian,Percent Distribution; Margin of Error; Households - One race-- - Asian,Median income (dollars); Estimate; Households - One race-- - Asian,Median income (dollars); Margin of Error; Households - One race-- - Asian,Number; Estimate; Households - One race-- - Native Hawaiian and Other Pacific Islander,Number; Margin of Error; Households - One race-- - Native Hawaiian and Other Pacific Islander,Percent Distribution; Estimate; Households - One race-- - Native Hawaiian and Other Pacific Islander,Percent Distribution; Margin of Error; Households - One race-- - Native Hawaiian and Other Pacific Islander,Median income (dollars); Estimate; Households - One race-- - Native Hawaiian and Other Pacific Islander,Median income (dollars); Margin of Error; Households - One race-- - Native Hawaiian and Other Pacific Islander,Number; Estimate; Households - One race-- - Some other race,Number; Margin of Error; Households - One race-- - Some other race,Percent Distribution; Estimate; Households - One race-- - Some other race,Percent Distribution; Margin of Error; Households - One race-- - Some other race,Median income (dollars); Estimate; Households - One race-- - Some other race,Median income (dollars); Margin of Error; Households - One race-- - Some other race,Number; Estimate; Households - Two or more races,Number; Margin of Error; Households - Two or more races,Percent Distribution; Estimate; Households - Two or more races,Percent Distribution; Margin of Error; Households - Two or more races,Median income (dollars); Estimate; Households - Two or more races,Median income (dollars); Margin of Error; Households - Two or more races,Number; Estimate; Hispanic or Latino origin (of any race),Number; Margin of Error; Hispanic or Latino origin (of any race),Percent Distribution; Estimate; Hispanic or Latino origin (of any race),Percent Distribution; Margin of Error; Hispanic or Latino origin (of any race),Median income (dollars); Estimate; Hispanic or Latino origin (of any race),Median income (dollars); Margin of Error; Hispanic or Latino origin (of any race),"Number; Estimate; White alone, not Hispanic or Latino","Number; Margin of Error; White alone, not Hispanic or Latino","Percent Distribution; Estimate; White alone, not Hispanic or Latino","Percent Distribution; Margin of Error; White alone, not Hispanic or Latino","Median income (dollars); Estimate; White alone, not Hispanic or Latino","Median income (dollars); Margin of Error; White alone, not Hispanic or Latino",Number; Estimate; HOUSEHOLD INCOME BY AGE OF HOUSEHOLDER - 15 to 24 years,Number; Margin of Error; HOUSEHOLD INCOME BY AGE OF HOUSEHOLDER - 15 to 24 years,Percent Distribution; Estimate; HOUSEHOLD INCOME BY AGE OF HOUSEHOLDER - 15 to 24 years,Percent Distribution; Margin of Error; HOUSEHOLD INCOME BY AGE OF HOUSEHOLDER - 15 to 24 years,Median income (dollars); Estimate; HOUSEHOLD INCOME BY AGE OF HOUSEHOLDER - 15 to 24 years,Median income (dollars); Margin of Error; HOUSEHOLD INCOME BY AGE OF HOUSEHOLDER - 15 to 24 years,Number; Estimate; HOUSEHOLD INCOME BY AGE OF HOUSEHOLDER - 25 to 44 years,Number; Margin of Error; HOUSEHOLD INCOME BY AGE OF HOUSEHOLDER - 25 to 44 years,Percent Distribution; Estimate; HOUSEHOLD INCOME BY AGE OF HOUSEHOLDER - 25 to 44 years,Percent Distribution; Margin of Error; HOUSEHOLD INCOME BY AGE OF HOUSEHOLDER - 25 to 44 years,Median income (dollars); Estimate; HOUSEHOLD INCOME BY AGE OF HOUSEHOLDER - 25 to 44 years,Median income (dollars); Margin of Error; HOUSEHOLD INCOME BY AGE OF HOUSEHOLDER - 25 to 44 years,Number; Estimate; HOUSEHOLD INCOME BY AGE OF HOUSEHOLDER - 45 to 64 years,Number; Margin of Error; HOUSEHOLD INCOME BY AGE OF HOUSEHOLDER - 45 to 64 years,Percent Distribution; Estimate; HOUSEHOLD INCOME BY AGE OF HOUSEHOLDER - 45 to 64 years,Percent Distribution; Margin of Error; HOUSEHOLD INCOME BY AGE OF HOUSEHOLDER - 45 to 64 years,Median income (dollars); Estimate; HOUSEHOLD INCOME BY AGE OF HOUSEHOLDER - 45 to 64 years,Median income (dollars); Margin of Error; HOUSEHOLD INCOME BY AGE OF HOUSEHOLDER - 45 to 64 years,Number; Estimate; HOUSEHOLD INCOME BY AGE OF HOUSEHOLDER - 65 years and over,Number; Margin of Error; HOUSEHOLD INCOME BY AGE OF HOUSEHOLDER - 65 years and over,Percent Distribution; Estimate; HOUSEHOLD INCOME BY AGE OF HOUSEHOLDER - 65 years and over,Percent Distribution; Margin of Error; HOUSEHOLD INCOME BY AGE OF HOUSEHOLDER - 65 years and over,Median income (dollars); Estimate; HOUSEHOLD INCOME BY AGE OF HOUSEHOLDER - 65 years and over,Median income (dollars); Margin of Error; HOUSEHOLD INCOME BY AGE OF HOUSEHOLDER - 65 years and over,Number; Estimate; FAMILIES - Families,Number; Margin of Error; FAMILIES - Families,Percent Distribution; Estimate; FAMILIES - Families,Percent Distribution; Margin of Error; FAMILIES - Families,Median income (dollars); Estimate; FAMILIES - Families,Median income (dollars); Margin of Error; FAMILIES - Families,Number; Estimate; FAMILIES - Families - With own children of householder under 18 years,Number; Margin of Error; FAMILIES - Families - With own children of householder under 18 years,Percent Distribution; Estimate; FAMILIES - Families - With own children of householder under 18 years,Percent Distribution; Margin of Error; FAMILIES - Families - With own children of householder under 18 years,Median income (dollars); Estimate; FAMILIES - Families - With own children of householder under 18 years,Median income (dollars); Margin of Error; FAMILIES - Families - With own children of householder under 18 years,Number; Estimate; FAMILIES - Families - With no own children of householder under 18 years,Number; Margin of Error; FAMILIES - Families - With no own children of householder under 18 years,Percent Distribution; Estimate; FAMILIES - Families - With no own children of householder under 18 years,Percent Distribution; Margin of Error; FAMILIES - Families - With no own children of householder under 18 years,Median income (dollars); Estimate; FAMILIES - Families - With no own children of householder under 18 years,Median income (dollars); Margin of Error; FAMILIES - Families - With no own children of householder under 18 years,Number; Estimate; FAMILIES - Families - Married-couple families,Number; Margin of Error; FAMILIES - Families - Married-couple families,Percent Distribution; Estimate; FAMILIES - Families - Married-couple families,Percent Distribution; Margin of Error; FAMILIES - Families - Married-couple families,Median income (dollars); Estimate; FAMILIES - Families - Married-couple families,Median income (dollars); Margin of Error; FAMILIES - Families - Married-couple families,Number; Estimate; FAMILIES - Families - Married-couple families - With own children under 18 years,Number; Margin of Error; FAMILIES - Families - Married-couple families - With own children under 18 years,Percent Distribution; Estimate; FAMILIES - Families - Married-couple families - With own children under 18 years,Percent Distribution; Margin of Error; FAMILIES - Families - Married-couple families - With own children under 18 years,Median income (dollars); Estimate; FAMILIES - Families - Married-couple families - With own children under 18 years,Median income (dollars); Margin of Error; FAMILIES - Families - Married-couple families - With own children under 18 years,"Number; Estimate; FAMILIES - Families - Female householder, no husband present","Number; Margin of Error; FAMILIES - Families - Female householder, no husband present","Percent Distribution; Estimate; FAMILIES - Families - Female householder, no husband present","Percent Distribution; Margin of Error; FAMILIES - Families - Female householder, no husband present","Median income (dollars); Estimate; FAMILIES - Families - Female householder, no husband present","Median income (dollars); Margin of Error; FAMILIES - Families - Female householder, no husband present","Number; Estimate; FAMILIES - Families - Female householder, no husband present - With own children under 18 years","Number; Margin of Error; FAMILIES - Families - Female householder, no husband present - With own children under 18 years","Percent Distribution; Estimate; FAMILIES - Families - Female householder, no husband present - With own children under 18 years","Percent Distribution; Margin of Error; FAMILIES - Families - Female householder, no husband present - With own children under 18 years","Median income (dollars); Estimate; FAMILIES - Families - Female householder, no husband present - With own children under 18 years","Median income (dollars); Margin of Error; FAMILIES - Families - Female householder, no husband present - With own children under 18 years","Number; Estimate; FAMILIES - Families - Male householder, no wife present","Number; Margin of Error; FAMILIES - Families - Male householder, no wife present","Percent Distribution; Estimate; FAMILIES - Families - Male householder, no wife present","Percent Distribution; Margin of Error; FAMILIES - Families - Male householder, no wife present","Median income (dollars); Estimate; FAMILIES - Families - Male householder, no wife present","Median income (dollars); Margin of Error; FAMILIES - Families - Male householder, no wife present","Number; Estimate; FAMILIES - Families - Male householder, no wife present - With own children under 18 years","Number; Margin of Error; FAMILIES - Families - Male householder, no wife present - With own children under 18 years","Percent Distribution; Estimate; FAMILIES - Families - Male householder, no wife present - With own children under 18 years","Percent Distribution; Margin of Error; FAMILIES - Families - Male householder, no wife present - With own children under 18 years","Median income (dollars); Estimate; FAMILIES - Families - Male householder, no wife present - With own children under 18 years","Median income (dollars); Margin of Error; FAMILIES - Families - Male householder, no wife present - With own children under 18 years",Number; Estimate; FAMILY INCOME BY FAMILY SIZE - 2-person families,Number; Margin of Error; FAMILY INCOME BY FAMILY SIZE - 2-person families,Percent Distribution; Estimate; FAMILY INCOME BY FAMILY SIZE - 2-person families,Percent Distribution; Margin of Error; FAMILY INCOME BY FAMILY SIZE - 2-person families,Median income (dollars); Estimate; FAMILY INCOME BY FAMILY SIZE - 2-person families,Median income (dollars); Margin of Error; FAMILY INCOME BY FAMILY SIZE - 2-person families,Number; Estimate; FAMILY INCOME BY FAMILY SIZE - 3-person families,Number; Margin of Error; FAMILY INCOME BY FAMILY SIZE - 3-person families,Percent Distribution; Estimate; FAMILY INCOME BY FAMILY SIZE - 3-person families,Percent Distribution; Margin of Error; FAMILY INCOME BY FAMILY SIZE - 3-person families,Median income (dollars); Estimate; FAMILY INCOME BY FAMILY SIZE - 3-person families,Median income (dollars); Margin of Error; FAMILY INCOME BY FAMILY SIZE - 3-person families,Number; Estimate; FAMILY INCOME BY FAMILY SIZE - 4-person families,Number; Margin of Error; FAMILY INCOME BY FAMILY SIZE - 4-person families,Percent Distribution; Estimate; FAMILY INCOME BY FAMILY SIZE - 4-person families,Percent Distribution; Margin of Error; FAMILY INCOME BY FAMILY SIZE - 4-person families,Median income (dollars); Estimate; FAMILY INCOME BY FAMILY SIZE - 4-person families,Median income (dollars); Margin of Error; FAMILY INCOME BY FAMILY SIZE - 4-person families,Number; Estimate; FAMILY INCOME BY FAMILY SIZE - 5-person families,Number; Margin of Error; FAMILY INCOME BY FAMILY SIZE - 5-person families,Percent Distribution; Estimate; FAMILY INCOME BY FAMILY SIZE - 5-person families,Percent Distribution; Margin of Error; FAMILY INCOME BY FAMILY SIZE - 5-person families,Median income (dollars); Estimate; FAMILY INCOME BY FAMILY SIZE - 5-person families,Median income (dollars); Margin of Error; FAMILY INCOME BY FAMILY SIZE - 5-person families,Number; Estimate; FAMILY INCOME BY FAMILY SIZE - 6-person families,Number; Margin of Error; FAMILY INCOME BY FAMILY SIZE - 6-person families,Percent Distribution; Estimate; FAMILY INCOME BY FAMILY SIZE - 6-person families,Percent Distribution; Margin of Error; FAMILY INCOME BY FAMILY SIZE - 6-person families,Median income (dollars); Estimate; FAMILY INCOME BY FAMILY SIZE - 6-person families,Median income (dollars); Margin of Error; FAMILY INCOME BY FAMILY SIZE - 6-person families,Number; Estimate; FAMILY INCOME BY FAMILY SIZE - 7-or-more person families,Number; Margin of Error; FAMILY INCOME BY FAMILY SIZE - 7-or-more person families,Percent Distribution; Estimate; FAMILY INCOME BY FAMILY SIZE - 7-or-more person families,Percent Distribution; Margin of Error; FAMILY INCOME BY FAMILY SIZE - 7-or-more person families,Median income (dollars); Estimate; FAMILY INCOME BY FAMILY SIZE - 7-or-more person families,Median income (dollars); Margin of Error; FAMILY INCOME BY FAMILY SIZE - 7-or-more person families,Number; Estimate; FAMILY INCOME BY NUMBER OF EARNERS - No earners,Number; Margin of Error; FAMILY INCOME BY NUMBER OF EARNERS - No earners,Percent Distribution; Estimate; FAMILY INCOME BY NUMBER OF EARNERS - No earners,Percent Distribution; Margin of Error; FAMILY INCOME BY NUMBER OF EARNERS - No earners,Median income (dollars); Estimate; FAMILY INCOME BY NUMBER OF EARNERS - No earners,Median income (dollars); Margin of Error; FAMILY INCOME BY NUMBER OF EARNERS - No earners,Number; Estimate; FAMILY INCOME BY NUMBER OF EARNERS - 1 earner,Number; Margin of Error; FAMILY INCOME BY NUMBER OF EARNERS - 1 earner,Percent Distribution; Estimate; FAMILY INCOME BY NUMBER OF EARNERS - 1 earner,Percent Distribution; Margin of Error; FAMILY INCOME BY NUMBER OF EARNERS - 1 earner,Median income (dollars); Estimate; FAMILY INCOME BY NUMBER OF EARNERS - 1 earner,Median income (dollars); Margin of Error; FAMILY INCOME BY NUMBER OF EARNERS - 1 earner,Number; Estimate; FAMILY INCOME BY NUMBER OF EARNERS - 2 earners,Number; Margin of Error; FAMILY INCOME BY NUMBER OF EARNERS - 2 earners,Percent Distribution; Estimate; FAMILY INCOME BY NUMBER OF EARNERS - 2 earners,Percent Distribution; Margin of Error; FAMILY INCOME BY NUMBER OF EARNERS - 2 earners,Median income (dollars); Estimate; FAMILY INCOME BY NUMBER OF EARNERS - 2 earners,Median income (dollars); Margin of Error; FAMILY INCOME BY NUMBER OF EARNERS - 2 earners,Number; Estimate; FAMILY INCOME BY NUMBER OF EARNERS - 3 or more earners,Number; Margin of Error; FAMILY INCOME BY NUMBER OF EARNERS - 3 or more earners,Percent Distribution; Estimate; FAMILY INCOME BY NUMBER OF EARNERS - 3 or more earners,Percent Distribution; Margin of Error; FAMILY INCOME BY NUMBER OF EARNERS - 3 or more earners,Median income (dollars); Estimate; FAMILY INCOME BY NUMBER OF EARNERS - 3 or more earners,Median income (dollars); Margin of Error; FAMILY INCOME BY NUMBER OF EARNERS - 3 or more earners,Number; Estimate; NONFAMILY HOUSEHOLDS - Nonfamily households,Number; Margin of Error; NONFAMILY HOUSEHOLDS - Nonfamily households,Percent Distribution; Estimate; NONFAMILY HOUSEHOLDS - Nonfamily households,Percent Distribution; Margin of Error; NONFAMILY HOUSEHOLDS - Nonfamily households,Median income (dollars); Estimate; NONFAMILY HOUSEHOLDS - Nonfamily households,Median income (dollars); Margin of Error; NONFAMILY HOUSEHOLDS - Nonfamily households,Number; Estimate; NONFAMILY HOUSEHOLDS - Nonfamily households - Female householder,Number; Margin of Error; NONFAMILY HOUSEHOLDS - Nonfamily households - Female householder,Percent Distribution; Estimate; NONFAMILY HOUSEHOLDS - Nonfamily households - Female householder,Percent Distribution; Margin of Error; NONFAMILY HOUSEHOLDS - Nonfamily households - Female householder,Median income (dollars); Estimate; NONFAMILY HOUSEHOLDS - Nonfamily households - Female householder,Median income (dollars); Margin of Error; NONFAMILY HOUSEHOLDS - Nonfamily households - Female householder,Number; Estimate; NONFAMILY HOUSEHOLDS - Nonfamily households - Female householder - Living alone,Number; Margin of Error; NONFAMILY HOUSEHOLDS - Nonfamily households - Female householder - Living alone,Percent Distribution; Estimate; NONFAMILY HOUSEHOLDS - Nonfamily households - Female householder - Living alone,Percent Distribution; Margin of Error; NONFAMILY HOUSEHOLDS - Nonfamily households - Female householder - Living alone,Median income (dollars); Estimate; NONFAMILY HOUSEHOLDS - Nonfamily households - Female householder - Living alone,Median income (dollars); Margin of Error; NONFAMILY HOUSEHOLDS - Nonfamily households - Female householder - Living alone,Number; Estimate; NONFAMILY HOUSEHOLDS - Nonfamily households - Female householder - Not living alone,Number; Margin of Error; NONFAMILY HOUSEHOLDS - Nonfamily households - Female householder - Not living alone,Percent Distribution; Estimate; NONFAMILY HOUSEHOLDS - Nonfamily households - Female householder - Not living alone,Percent Distribution; Margin of Error; NONFAMILY HOUSEHOLDS - Nonfamily households - Female householder - Not living alone,Median income (dollars); Estimate; NONFAMILY HOUSEHOLDS - Nonfamily households - Female householder - Not living alone,Median income (dollars); Margin of Error; NONFAMILY HOUSEHOLDS - Nonfamily households - Female householder - Not living alone,Number; Estimate; NONFAMILY HOUSEHOLDS - Nonfamily households - Male householder,Number; Margin of Error; NONFAMILY HOUSEHOLDS - Nonfamily households - Male householder,Percent Distribution; Estimate; NONFAMILY HOUSEHOLDS - Nonfamily households - Male householder,Percent Distribution; Margin of Error; NONFAMILY HOUSEHOLDS - Nonfamily households - Male householder,Median income (dollars); Estimate; NONFAMILY HOUSEHOLDS - Nonfamily households - Male householder,Median income (dollars); Margin of Error; NONFAMILY HOUSEHOLDS - Nonfamily households - Male householder,Number; Estimate; NONFAMILY HOUSEHOLDS - Nonfamily households - Male householder - Living alone,Number; Margin of Error; NONFAMILY HOUSEHOLDS - Nonfamily households - Male householder - Living alone,Percent Distribution; Estimate; NONFAMILY HOUSEHOLDS - Nonfamily households - Male householder - Living alone,Percent Distribution; Margin of Error; NONFAMILY HOUSEHOLDS - Nonfamily households - Male householder - Living alone,Median income (dollars); Estimate; NONFAMILY HOUSEHOLDS - Nonfamily households - Male householder - Living alone,Median income (dollars); Margin of Error; NONFAMILY HOUSEHOLDS - Nonfamily households - Male householder - Living alone,Number; Estimate; NONFAMILY HOUSEHOLDS - Nonfamily households - Male householder - Not living alone,Number; Margin of Error; NONFAMILY HOUSEHOLDS - Nonfamily households - Male householder - Not living alone,Percent Distribution; Estimate; NONFAMILY HOUSEHOLDS - Nonfamily households - Male householder - Not living alone,Percent Distribution; Margin of Error; NONFAMILY HOUSEHOLDS - Nonfamily households - Male householder - Not living alone,Median income (dollars); Estimate; NONFAMILY HOUSEHOLDS - Nonfamily households - Male householder - Not living alone,Median income (dollars); Margin of Error; NONFAMILY HOUSEHOLDS - Nonfamily households - Male householder - Not living alone
36001,"Albany County, New York",125376,1057,125376,1057,62293,1234,100676,859,80.3,0.4,69520,1611,14565,544,11.6,0.4,31802,1597,226,69,0.2,0.1,46667,14715,5979,334,4.8,0.3,68993,10770,21,27,0,0.1,-,**,1411,321,1.1,0.3,31210,7927,2498,325,2,0.3,42714,12849,5477,359,4.4,0.3,37323,4077,97276,871,77.6,0.4,70591,1203,7527,636,6,0.5,30418,5622,39441,601,31.5,0.4,64703,2163,48027,655,38.3,0.5,82236,3031,30381,472,24.2,0.4,49181,1848,68180,1137,68180,1137,90031,1524,27462,785,40.3,0.9,87043,4048,40718,912,59.7,0.9,91442,2177,50078,1081,73.4,1,108338,1998,18134,691,26.6,0.9,116622,3254,13365,672,19.6,0.9,42778,2445,7182,484,10.5,0.7,31846,3886,4737,430,6.9,0.6,56458,8185,2146,299,3.1,0.4,45917,9422,(X),(X),(X),(X),77062,2664,(X),(X),(X),(X),95117,5569,(X),(X),(X),(X),112954,3685,(X),(X),(X),(X),104632,13949,(X),(X),(X),(X),95486,11923,(X),(X),(X),(X),138875,17450,9595,557,14.1,0.8,46898,4305,20527,892,30.1,1.1,58654,1736,30041,970,44.1,1.2,111469,1863,8017,508,11.8,0.7,131830,4264,57196,1238,57196,1238,40386,1066,30882,943,54,1.2,36845,1295,25257,917,44.2,1.4,33045,1516,5625,564,9.8,0.9,59872,12120,26314,932,46,1.2,43974,2292,19646,837,34.3,1.2,39056,2120,6668,558,11.7,0.9,71300,7634
36003,"Allegany County, New York",18124,359,18124,359,45359,1489,17775,338,98.1,0.4,45510,1513,30,31,0.2,0.2,42188,2677,47,34,0.3,0.2,-,**,175,45,1,0.2,-,**,0,24,0,0.2,-,**,5,6,0,0.1,-,**,92,41,0.5,0.2,25357,17853,50,39,0.3,0.2,19091,10021,17728,327,97.8,0.4,45576,1519,713,145,3.9,0.8,21453,8838,4727,196,26.1,0.8,45195,2896,7234,165,39.9,0.9,54772,1748,5450,142,30.1,0.7,37253,1621,11808,304,11808,304,55302,1588,4572,209,38.7,1.4,48853,4389,7236,243,61.3,1.4,58051,1937,8906,290,75.4,1.7,63133,1865,2990,182,25.3,1.4,66890,5420,1907,176,16.2,1.4,30848,3083,1036,150,8.8,1.2,23266,2941,995,131,8.4,1.1,41497,2106,546,112,4.6,0.9,40224,5378,(X),(X),(X),(X),51844,2523,(X),(X),(X),(X),58379,3628,(X),(X),(X),(X),65284,7889,(X),(X),(X),(X),63113,5514,(X),(X),(X),(X),55368,8409,(X),(X),(X),(X),44714,11658,2209,189,18.7,1.4,36202,2671,4183,247,35.4,1.9,42327,2005,4356,225,36.9,1.8,72153,2659,1060,110,9,0.9,87982,3191,6316,292,6316,292,27748,1951,3040,181,48.1,2.1,22750,2056,2660,180,42.1,2.2,20954,1574,380,88,6,1.4,60588,13896,3276,213,51.9,2.1,32153,5135,2620,202,41.5,2.4,28119,2562,656,123,10.4,1.9,48241,5189
36005,"Bronx County, New York",495356,1337,495356,1337,36593,389,117101,1703,23.6,0.3,45201,1416,172073,1887,34.7,0.4,39259,925,3469,427,0.7,0.1,31778,7755,14926,566,3,0.1,49149,3733,370,158,0.1,0.1,43553,16426,172189,2621,34.8,0.5,29882,841,15228,931,3.1,0.2,38064,4338,262559,1702,53,0.3,31073,558,57358,903,11.6,0.2,60892,2101,11878,782,2.4,0.2,29441,1808,177045,1557,35.7,0.3,39222,686,202449,1507,40.9,0.3,41325,772,103984,1228,21,0.2,25267,758,326296,2480,326296,2480,41484,475,161502,2257,49.5,0.6,34348,938,164794,2370,50.5,0.6,51385,1155,137322,2321,42.1,0.7,62879,1107,64039,1819,19.6,0.5,58605,1963,150764,2230,46.2,0.6,27974,638,82759,1649,25.4,0.5,21216,713,38210,1442,11.7,0.4,42354,2270,14704,1062,4.5,0.3,32970,3464,(X),(X),(X),(X),37874,1131,(X),(X),(X),(X),40200,1091,(X),(X),(X),(X),45450,1662,(X),(X),(X),(X),45780,2403,(X),(X),(X),(X),46669,3784,(X),(X),(X),(X),57863,4790,52421,1460,16.1,0.4,12414,517,134467,1984,41.2,0.5,31825,540,103408,2157,31.7,0.6,64097,1187,36000,1214,11,0.4,92816,2891,169060,2515,169060,2515,22827,794,93268,1991,55.2,0.8,19899,743,84681,1887,50.1,0.8,17890,705,8587,628,5.1,0.4,59202,4900,75792,1657,44.8,0.8,27455,1101,64518,1527,38.2,0.8,23628,1217,11274,847,6.7,0.5,59005,5835
36007,"Broome County, New York",78821,783,78821,783,49064,1113,70898,683,89.9,0.5,51527,963,3688,272,4.7,0.3,20936,2693,165,56,0.2,0.1,-,**,2467,201,3.1,0.2,36658,10326,19,30,0,0.1,-,**,431,100,0.5,0.1,17762,5472,1153,206,1.5,0.3,22806,10040,2291,206,2.9,0.3,25829,4449,69644,684,88.4,0.5,51847,992,4618,486,5.9,0.6,19358,4090,20670,462,26.2,0.5,51922,1952,30652,458,38.9,0.6,62390,2247,22881,402,29,0.5,38604,1234,46737,871,46737,871,65022,1335,18233,622,39,1.1,57356,4488,28504,713,61,1.1,68136,2220,33760,797,72.2,1.4,77506,1721,11327,540,24.2,1.1,86054,2991,9075,617,19.4,1.2,32072,2275,4857,468,10.4,1,20817,2476,3902,332,8.3,0.7,39464,3636,2049,264,4.4,0.5,36250,2867,(X),(X),(X),(X),58925,2342,(X),(X),(X),(X),67482,3640,(X),(X),(X),(X),79188,5574,(X),(X),(X),(X),76192,10183,(X),(X),(X),(X),72532,22474,(X),(X),(X),(X),90162,8042,8831,418,18.9,0.8,36998,2119,15288,633,32.7,1.2,46578,1918,17436,659,37.3,1.2,85771,3141,5182,398,11.1,0.8,110529,5756,32084,886,32084,886,28244,1011,17580,560,54.8,1.4,26522,1099,14506,513,45.2,1.5,24193,1399,3074,301,9.6,0.9,46803,3697,14504,686,45.2,1.4,31138,1657,10764,614,33.5,1.5,27704,1736,3740,405,11.7,1.2,43903,7555
36009,"Cattaraugus County, New York",31723,405,31723,405,45571,1241,29900,394,94.3,0.4,46411,1397,276,85,0.9,0.3,-,**,883,61,2.8,0.2,29438,4530,212,40,0.7,0.1,63182,18093,0,27,0,0.1,-,**,48,25,0.2,0.1,32500,12626,404,82,1.3,0.3,29135,3681,296,56,0.9,0.2,31389,1871,29686,389,93.6,0.4,46651,1373,1146,147,3.6,0.5,21869,3416,8700,272,27.4,0.7,49566,2540,12909,238,40.7,0.7,57262,3202,8968,196,28.3,0.6,34699,1423,19976,370,19976,370,58073,2227,7842,305,39.3,1.2,51906,2793,12134,301,60.7,1.2,61652,1875,14736,331,73.8,1.4,68452,2214,4911,256,24.6,1.2,72823,3662,3416,264,17.1,1.2,29875,2305,1878,206,9.4,1,24234,2281,1824,193,9.1,0.9,39697,5048,1053,148,5.3,0.7,31250,3320,(X),(X),(X),(X),52606,2033,(X),(X),(X),(X),61841,3325,(X),(X),(X),(X),69652,6329,(X),(X),(X),(X),72460,6539,(X),(X),(X),(X),58611,18636,(X),(X),(X),(X),50104,9891,3898,249,19.5,1.2,35766,1596,6684,326,33.5,1.4,41445,1881,7449,327,37.3,1.6,77467,1910,1945,179,9.7,0.9,98209,6784,11747,433,11747,433,26304,1287,5802,349,49.4,2,22828,1303,4972,316,42.3,1.9,20925,1047,830,164,7.1,1.4,43071,11337,5945,283,50.6,2,31669,1900,4556,257,38.8,1.8,25402,1571,1389,169,11.8,1.5,56964,9994
36011,"Cayuga County, New York",31428,469,31428,469,54664,1603,30369,451,96.6,0.4,55504,1358,493,82,1.6,0.3,36583,9490,62,35,0.2,0.1,39286,13559,93,47,0.3,0.1,91719,31106,0,27,0,0.1,-,**,107,53,0.3,0.2,23580,5083,304,117,1,0.4,35691,5779,380,72,1.2,0.2,26933,4709,30158,452,96,0.5,55627,1345,771,188,2.5,0.6,34219,4827,8489,342,27,0.8,60979,2451,13344,217,42.5,0.7,65455,2136,8824,213,28.1,0.7,39106,1470,19844,409,19844,409,66728,1555,7994,294,40.3,1.3,61250,2761,11850,360,59.7,1.3,69734,2133,14225,491,71.7,2,79720,2277,4589,281,23.1,1.3,91603,2760,3777,344,19,1.8,36703,6420,2318,269,11.7,1.4,28056,4507,1842,225,9.3,1.1,45521,7201,1087,187,5.5,0.9,36101,9159,(X),(X),(X),(X),60151,2859,(X),(X),(X),(X),69588,6410,(X),(X),(X),(X),82733,7815,(X),(X),(X),(X),93277,10004,(X),(X),(X),(X),62361,6812,(X),(X),(X),(X),97891,56403,3039,225,15.3,1.1,36616,3160,6523,362,32.9,1.7,47825,2972,7878,485,39.7,2.2,86673,2423,2404,247,12.1,1.3,109306,6155,11584,470,11584,470,32350,1609,5702,301,49.2,2.1,25876,1925,4921,301,42.5,2,23599,1681,781,153,6.7,1.4,54830,9844,5882,374,50.8,2.1,40596,3410,4413,339,38.1,2.4,35449,2829,1469,226,12.7,1.8,64013,8413
36013,"Chautauqua County, New York",52983,696,52983,696,44304,1256,50633,708,95.6,0.4,45310,1130,901,119,1.7,0.2,18968,3126,217,77,0.4,0.1,-,**,250,65,0.5,0.1,28750,13877,0,27,0,0.1,-,**,588,165,1.1,0.3,17462,11738,394,100,0.7,0.2,36346,9383,2726,219,5.1,0.4,25658,7148,48597,653,91.7,0.5,46167,1171,1816,248,3.4,0.4,23065,6815,14279,432,27,0.7,46529,3125,21815,405,41.2,0.7,52982,2255,15073,335,28.4,0.7,35402,1130,32986,624,32986,624,56408,1761,13007,440,39.4,1.2,48683,2364,19979,593,60.6,1.2,61518,2412,24110,507,73.1,1.4,68382,2171,7882,365,23.9,1.2,70217,4695,6028,388,18.3,1.1,25506,1526,3587,318,10.9,0.9,18744,1800,2848,341,8.6,1,33077,6817,1538,219,4.7,0.7,29570,4226,(X),(X),(X),(X),52163,1621,(X),(X),(X),(X),65025,5286,(X),(X),(X),(X),64429,5744,(X),(X),(X),(X),61825,6050,(X),(X),(X),(X),50050,10281,(X),(X),(X),(X),43182,8406,6795,389,20.6,1.1,32505,2586,10753,516,32.6,1.4,41372,2147,12158,444,36.9,1.3,77545,2325,3280,276,9.9,0.8,92747,3888,19997,621,19997,621,26048,1265,10833,444,54.2,1.6,23527,1430,8916,396,44.6,1.6,20952,1066,1917,286,9.6,1.4,38272,3988,9164,454,45.8,1.6,29724,2558,7509,425,37.6,1.6,26106,2204,1655,263,8.3,1.3,54137,6537
36015,"Chemung County, New York",34664,539,34664,539,51251,1531,31863,520,91.9,0.7,52302,1586,1499,215,4.3,0.6,24863,7173,129,54,0.4,0.2,31026,2902,435,81,1.3,0.2,118125,19370,7,12,0,0.1,-,**,98,55,0.3,0.2,73750,49024,633,178,1.8,0.5,35272,13713,704,131,2,0.4,26800,17199,31397,514,90.6,0.8,52551,1705,1454,263,4.2,0.7,28649,5964,9906,362,28.6,0.9,55535,3891,13854,355,40,1,62754,5132,9450,286,27.3,0.8,38438,1586,21665,577,21665,577,67879,2938,8710,438,40.2,1.7,57909,2893,12955,508,59.8,1.7,72233,2071,15996,435,73.8,1.7,80637,3310,5128,336,23.7,1.7,88598,4531,4145,362,19.1,1.5,30697,2055,2669,329,12.3,1.4,22882,5450,1524,232,7,1,44797,8384,913,197,4.2,0.9,38405,15630,(X),(X),(X),(X),63466,4326,(X),(X),(X),(X),66607,8778,(X),(X),(X),(X),90194,7525,(X),(X),(X),(X),72209,10323,(X),(X),(X),(X),50855,34764,(X),(X),(X),(X),90774,33596,4091,311,18.9,1.3,35174,2377,7132,465,32.9,1.8,50557,3746,8845,451,40.8,1.9,90119,2793,1597,187,7.4,0.9,108478,6716,12999,579,12999,579,29736,1889,7342,467,56.5,2.4,25087,2886,6256,455,48.1,2.7,22549,1933,1086,208,8.4,1.5,49756,8005,5657,391,43.5,2.4,35847,3002,4242,338,32.6,2.3,32865,3181,1415,224,10.9,1.6,53854,6071
36017,"Chenango County, New York",20373,328,20373,328,48567,1595,19763,309,97,0.4,48409,1549,180,45,0.9,0.2,92500,40855,51,20,0.3,0.1,58558,19192,54,26,0.3,0.1,87727,54977,4,7,0,0.1,-,**,86,54,0.4,0.3,51705,24633,235,67,1.2,0.3,37813,9428,378,59,1.9,0.3,52813,13650,19532,308,95.9,0.4,48197,1560,729,164,3.6,0.8,24514,4284,5003,228,24.6,0.9,55875,5049,8616,181,42.3,0.9,59442,4461,6025,183,29.6,0.8,35959,2233,12717,330,12717,330,60177,2208,4789,264,37.7,1.6,57637,4997,7928,263,62.3,1.6,61435,1967,9534,307,75,2,68401,2016,3057,209,24,1.6,74886,4863,1989,230,15.6,1.7,33687,4006,1042,170,8.2,1.3,23140,4724,1194,196,9.4,1.4,36587,4707,690,181,5.4,1.4,35847,3325,(X),(X),(X),(X),51494,1304,(X),(X),(X),(X),64297,4305,(X),(X),(X),(X),72154,8568,(X),(X),(X),(X),71912,7692,(X),(X),(X),(X),56000,16876,(X),(X),(X),(X),69487,4577,2419,203,19,1.6,34132,2436,3983,308,31.3,2.2,45069,4752,5055,274,39.7,1.9,74935,2707,1260,146,9.9,1.1,92222,7428,7656,347,7656,347,26866,1920,3485,233,45.5,2.6,23640,1837,2913,207,38,2.5,20886,1854,572,117,7.5,1.4,63750,14481,4171,295,54.5,2.6,31741,3013,2963,261,38.7,2.7,23785,3533,1208,218,15.8,2.8,63441,2588
36019,"Clinton County, New York",31680,443,31680,443,52759,1739,30585,459,96.5,0.5,53487,1840,231,95,0.7,0.3,55515,15753,69,46,0.2,0.1,-,**,279,67,0.9,0.2,31080,15952,0,27,0,0.1,-,**,173,95,0.5,0.3,33142,18991,343,118,1.1,0.4,18185,14515,247,79,0.8,0.2,55592,18427,30408,454,96,0.5,53376,1825,2076,280,6.6,0.8,29793,6081,8869,310,28,0.9,60677,3160,12912,359,40.8,1.1,60853,1569,7823,251,24.7,0.8,40479,4072,20084,563,20084,563,66726,2602,8023,403,39.9,1.6,60123,5205,12061,439,60.1,1.6,70609,2984,14756,505,73.5,2.1,76837,2383,4889,322,24.3,1.6,83852,5044,3524,367,17.5,1.7,30346,5720,2136,329,10.6,1.6,20424,3799,1804,329,9,1.6,36364,12913,998,270,5,1.3,28105,3388,(X),(X),(X),(X),59242,2448,(X),(X),(X),(X),73277,3385,(X),(X),(X),(X),78051,7668,(X),(X),(X),(X),81688,11487,(X),(X),(X),(X),85987,15623,(X),(X),(X),(X),108750,32117,3722,332,18.5,1.6,38537,3481,6579,445,32.8,1.9,46515,4222,7705,417,38.4,2,82431,4375,2078,249,10.3,1.2,115136,7879,11596,558,11596,558,31513,1813,6263,401,54,2.8,30371,2336,4687,336,40.4,2.5,24676,2698,1576,295,13.6,2.5,46897,13285,5333,455,46,2.8,33158,2000,3880,367,33.5,2.6,29675,4371,1453,311,12.5,2.5,45819,10703
36021,"Columbia County, New York",25470,413,25470,413,61093,1999,23680,382,93,0.7,63179,2299,901,108,3.5,0.4,36827,7848,6,6,0,0.1,-,**,306,67,1.2,0.3,55179,16830,15,23,0.1,0.1,-,**,169,73,0.7,0.3,35945,18813,393,129,1.5,0.5,31734,23524,730,99,2.9,0.4,53194,26887,23216,359,91.2,0.7,63192,2323,493,138,1.9,0.5,24426,5797,6081,313,23.9,1.1,70498,5239,10965,274,43.1,1,72694,2913,7931,221,31.1,0.8,45986,3961,16008,545,16008,545,76540,3598,5476,328,34.2,1.6,72722,6839,10532,414,65.8,1.6,78060,3692,12037,476,75.2,2,86995,3423,3526,270,22,1.6,97192,7195,2948,323,18.4,1.8,42006,7458,1473,237,9.2,1.4,32688,4147,1023,160,6.4,1,55768,6242,477,101,3,0.6,54632,11106,(X),(X),(X),(X),70125,3645,(X),(X),(X),(X),81325,4753,(X),(X),(X),(X),86339,7644,(X),(X),(X),(X),84352,6098,(X),(X),(X),(X),96179,5331,(X),(X),(X),(X),65833,27816,2561,248,16,1.3,42881,4326,5404,387,33.8,2,59675,3206,6337,359,39.6,2,95257,4902,1706,195,10.7,1.3,107174,11061,9462,469,9462,469,35846,1721,4896,378,51.7,2.6,30400,1707,4140,320,43.8,2.5,27979,2503,756,158,8,1.5,66250,16830,4566,299,48.3,2.6,45011,4894,3420,258,36.1,2.3,37979,5033,1146,196,12.1,2.1,62308,9895
36023,"Cortland County, New York",17925,366,17925,366,52451,2006,17342,373,96.7,0.8,52602,1917,249,130,1.4,0.7,-,**,5,9,0,0.1,-,**,81,57,0.5,0.3,-,**,0,24,0,0.2,-,**,51,40,0.3,0.2,-,**,197,106,1.1,0.6,46494,15947,320,114,1.8,0.6,34750,19611,17092,397,95.4,1.1,52838,1928,1284,209,7.2,1.1,28397,7975,4979,191,27.8,0.9,53964,3125,6895,227,38.5,1.1,72961,4131,4767,165,26.6,0.9,40313,4316,11002,341,11002,341,68114,3470,4322,265,39.3,2.1,61125,5497,6680,308,60.7,2.1,71940,3909,8272,323,75.2,2.2,81321,4365,2746,199,25,1.8,86241,3126,1714,180,15.6,1.6,32473,3326,927,166,8.4,1.5,23388,5901,1016,187,9.2,1.6,45179,6028,649,138,5.9,1.2,40759,15393,(X),(X),(X),(X),61164,4111,(X),(X),(X),(X),75160,12954,(X),(X),(X),(X),83523,5169,(X),(X),(X),(X),76563,26263,(X),(X),(X),(X),89792,35364,(X),(X),(X),(X),93333,22787,1286,161,11.7,1.4,32400,5196,3953,360,35.9,2.7,47212,3228,4390,281,39.9,2.6,86438,3480,1373,176,12.5,1.6,116875,15639,6923,382,6923,382,31211,2463,3603,289,52,3.2,26156,2392,2793,255,40.3,2.9,23686,1874,810,166,11.7,2.4,42308,7441,3320,293,48,3.2,36084,4087,2374,261,34.3,3,29183,5390,946,174,13.7,2.5,47870,17741
36025,"Delaware County, New York",19098,416,19098,416,47921,2077,18551,401,97.1,0.5,48236,2036,142,48,0.7,0.2,-,**,38,26,0.2,0.1,65357,52644,112,50,0.6,0.3,-,**,0,24,0,0.2,-,**,71,61,0.4,0.3,23534,2349,184,53,1,0.3,52500,43638,369,77,1.9,0.4,45024,10073,18288,389,95.8,0.5,48338,2063,491,148,2.6,0.7,20683,3038,3967,257,20.8,1.1,51136,3176,7987,261,41.8,1.2,57467,4541,6653,184,34.8,1,37443,2507,11766,434,11766,434,60571,1729,4083,306,34.7,1.9,53076,3359,7683,307,65.3,1.9,62541,3024,8835,413,75.1,2.2,69240,2663,2446,262,20.8,1.9,77727,4883,1906,245,16.2,2,28566,2137,1124,181,9.6,1.5,18235,5502,1025,199,8.7,1.6,42473,10795,513,159,4.4,1.3,22202,14090,(X),(X),(X),(X),55207,3611,(X),(X),(X),(X),65950,7826,(X),(X),(X),(X),66111,5731,(X),(X),(X),(X),76765,23782,(X),(X),(X),(X),-,**,(X),(X),(X),(X),59491,28497,2475,188,21,1.6,37083,4830,3672,320,31.2,2.1,45590,3253,4384,314,37.3,2.4,78932,4111,1235,188,10.5,1.6,89934,14847,7332,415,7332,415,25890,2528,3713,252,50.6,2.4,21353,1800,3261,232,44.5,2.4,19936,1797,452,113,6.2,1.5,44674,10342,3619,295,49.4,2.4,33037,3286,2929,259,39.9,2.5,27923,4780,690,145,9.4,1.8,50625,15019
36027,"Dutchess County, New York",107384,835,107384,835,75585,1986,89775,781,83.6,0.5,78901,2110,9640,421,9,0.4,49619,5955,326,129,0.3,0.1,-,**,3335,215,3.1,0.2,112627,9426,15,19,0,0.1,-,**,2769,367,2.6,0.3,53964,19064,1524,231,1.4,0.2,53304,8813,8641,480,8,0.4,61763,5939,84623,710,78.8,0.5,79505,2149,2465,317,2.3,0.3,28885,5232,28362,670,26.4,0.5,79598,4009,48570,454,45.2,0.5,93530,1940,27987,480,26.1,0.4,52116,1444,72096,927,72096,927,94533,1620,29400,628,40.8,0.7,95922,2440,42696,791,59.2,0.7,93620,1956,56465,963,78.3,0.9,106498,1801,21884,600,30.4,0.7,112526,3596,11627,697,16.1,0.9,44586,3890,5759,503,8,0.7,33015,2104,4004,402,5.6,0.6,71361,5047,1757,278,2.4,0.4,67107,14616,(X),(X),(X),(X),81877,2373,(X),(X),(X),(X),98193,4579,(X),(X),(X),(X),111499,4566,(X),(X),(X),(X),104209,5288,(X),(X),(X),(X),99824,13933,(X),(X),(X),(X),107292,18928,9458,457,13.1,0.6,51543,1786,21672,690,30.1,0.9,67127,2636,30747,873,42.6,1,111745,2437,10219,477,14.2,0.6,134115,4367,35288,876,35288,876,41841,1494,18770,658,53.2,1.5,35724,2077,15915,640,45.1,1.5,32201,1732,2855,302,8.1,0.9,73194,6094,16518,723,46.8,1.5,47582,2856,12903,702,36.6,1.6,43200,1711,3615,342,10.2,1,75086,7040
36029,"Erie County, New York",386371,1557,386371,1557,54006,578,312175,1455,80.8,0.2,60946,604,51691,819,13.4,0.2,28508,1717,1671,181,0.4,0.1,25104,3344,8934,381,2.3,0.1,48391,4367,105,43,0,0.1,45764,20975,6892,485,1.8,0.1,20840,2052,4903,500,1.3,0.1,34699,4832,14971,505,3.9,0.1,27392,3063,305887,1425,79.2,0.2,61361,607,13378,625,3.5,0.2,27086,1819,116375,1076,30.1,0.2,59537,1201,153423,1002,39.7,0.3,68099,1269,103195,859,26.7,0.2,38148,754,229623,1759,229623,1759,72128,976,95275,1550,41.5,0.6,67968,1464,134348,1648,58.5,0.6,74959,1245,161449,1728,70.3,0.6,89823,1179,59061,1269,25.7,0.5,98281,1683,51524,1333,22.4,0.5,35334,1074,28571,1193,12.4,0.5,25804,1140,16650,900,7.3,0.4,47844,2750,7643,618,3.3,0.3,40817,2298,(X),(X),(X),(X),62484,1055,(X),(X),(X),(X),76467,2312,(X),(X),(X),(X),94573,1985,(X),(X),(X),(X),94394,4479,(X),(X),(X),(X),76095,8033,(X),(X),(X),(X),55736,10673,37552,1079,16.4,0.5,36948,1364,71317,1748,31.1,0.7,48978,1078,93141,1846,40.6,0.7,94753,1256,27613,991,12,0.4,120995,2841,156748,1758,156748,1758,32047,513,86300,1491,55.1,0.7,27747,769,74250,1426,47.4,0.7,24950,606,12050,781,7.7,0.5,64178,3058,70448,1411,44.9,0.7,38197,1418,55747,1353,35.6,0.7,33194,1350,14701,790,9.4,0.5,63512,3481
36031,"Essex County, New York",15257,471,15257,471,55294,2424,14971,448,98.1,0.6,55840,2508,4,10,0,0.1,"2,500-",***,33,19,0.2,0.1,11250,3369,37,26,0.2,0.2,50956,4178,2,4,0,0.1,-,**,50,45,0.3,0.3,-,**,160,63,1,0.4,30000,16622,100,63,0.7,0.4,33750,25690,14906,433,97.7,0.7,56007,2563,285,105,1.9,0.7,16518,12250,3478,274,22.8,1.3,62256,3543,6328,196,41.5,1.2,68864,6787,5166,204,33.9,1.2,42083,2908,9904,415,9904,415,69386,3238,3443,293,34.8,2.2,63862,6046,6461,295,65.2,2.2,72735,4134,7664,362,77.4,2.5,78614,2885,2241,238,22.6,2.1,87835,6782,1578,229,15.9,2.1,40861,6587,817,141,8.2,1.4,30917,12303,662,121,6.7,1.1,41029,8898,385,105,3.9,1,40125,5406,(X),(X),(X),(X),65361,3349,(X),(X),(X),(X),70469,4396,(X),(X),(X),(X),83578,11470,(X),(X),(X),(X),95669,5283,(X),(X),(X),(X),88922,34517,(X),(X),(X),(X),-,**,1714,163,17.3,1.5,42222,5465,2888,251,29.2,2.3,48818,3095,4211,320,42.5,2.7,88829,2829,1091,176,11,1.7,97621,8801,5353,375,5353,375,32305,1891,2834,253,52.9,3.1,29505,3232,2504,230,46.8,2.9,26572,2461,330,93,6.2,1.7,78500,15368,2519,247,47.1,3.1,35426,3111,2053,217,38.4,2.8,32269,2596,466,114,8.7,2.1,53523,10390
36033,"Franklin County, New York",18956,396,18956,396,50733,1529,17230,426,90.9,1.1,51463,1569,145,88,0.8,0.5,13717,9308,1264,206,6.7,1.1,37011,24629,63,34,0.3,0.2,185313,22614,68,115,0.4,0.6,-,**,63,41,0.3,0.2,50903,26217,123,57,0.6,0.3,61094,11743,135,49,0.7,0.3,50163,31971,17169,422,90.6,1.1,51486,1586,494,129,2.6,0.7,25603,3966,5282,254,27.9,1,52550,3807,8180,227,43.2,1.3,57290,4594,5000,218,26.4,1,39845,4092,12092,437,12092,437,61377,1506,4896,317,40.5,2,56375,5337,7196,343,59.5,2,64621,3439,8692,419,71.9,2.1,73787,3012,2841,255,23.5,1.9,76777,7629,2170,242,17.9,1.9,24741,5112,1308,197,10.8,1.5,15913,4177,1230,196,10.2,1.6,41607,6969,747,164,6.2,1.4,39356,12187,(X),(X),(X),(X),57484,3810,(X),(X),(X),(X),61739,5151,(X),(X),(X),(X),74390,8472,(X),(X),(X),(X),67000,24184,(X),(X),(X),(X),53199,13882,(X),(X),(X),(X),49583,25261,2697,263,22.3,2.2,34891,5136,3810,356,31.5,2.7,46346,4701,4571,371,37.8,2.5,83231,4167,1014,144,8.4,1.2,101912,8118,6864,389,6864,389,27477,2547,3461,324,50.4,3.7,25188,2908,3028,318,44.1,3.8,23207,2804,433,92,6.3,1.3,56384,12459,3403,316,49.6,3.7,30538,4002,2560,258,37.3,3.3,23604,4278,843,202,12.3,2.8,60924,16367
36035,"Fulton County, New York",22535,449,22535,449,48033,2240,21827,434,96.9,0.6,48248,2347,181,62,0.8,0.3,-,**,43,36,0.2,0.2,-,**,123,39,0.5,0.2,59306,6719,7,11,0,0.1,-,**,132,69,0.6,0.3,17756,2652,222,62,1,0.3,37278,33491,374,83,1.7,0.4,-,**,21598,420,95.8,0.6,48213,2340,808,189,3.6,0.8,29070,4366,5967,302,26.5,1.1,52881,3621,9462,287,42,1.3,58091,4093,6298,232,27.9,1,35587,3576,14438,413,14438,413,59367,3720,5767,316,39.9,1.7,51382,5397,8671,331,60.1,1.7,65023,3389,10341,486,71.6,2.6,71530,3703,3360,283,23.3,1.9,75341,5702,2596,312,18,2.1,29375,4779,1416,227,9.8,1.5,19558,4111,1501,272,10.4,1.9,36875,6342,991,232,6.9,1.6,31099,3664,(X),(X),(X),(X),51647,2687,(X),(X),(X),(X),67694,11744,(X),(X),(X),(X),74769,6306,(X),(X),(X),(X),57500,21303,(X),(X),(X),(X),66543,15638,(X),(X),(X),(X),56696,7087,2811,310,19.5,2,32066,3125,4794,374,33.2,2.2,40040,2390,5605,350,38.8,2.4,78648,5015,1228,167,8.5,1.2,114881,10380,8097,484,8097,484,30172,2115,4274,297,52.8,3,26134,2012,3569,275,44.1,3.1,24075,2232,705,164,8.7,1.9,43542,16633,3823,377,47.2,3,34315,5643,2899,305,35.8,2.9,28760,3066,924,206,11.4,2.3,60000,5218
36037,"Genesee County, New York",23951,267,23951,267,54033,1511,22434,333,93.7,0.9,55872,2019,614,150,2.6,0.6,18846,12088,304,62,1.3,0.3,28750,11103,110,43,0.5,0.2,154792,76115,0,27,0,0.1,-,**,283,117,1.2,0.5,31894,11293,206,93,0.9,0.4,29420,5223,442,120,1.8,0.5,32030,9905,22266,337,93,0.9,56183,2052,808,153,3.4,0.6,30625,9003,6608,253,27.6,1,55871,3933,10203,294,42.6,1.2,68724,3412,6332,179,26.4,0.7,37040,2646,15546,412,15546,412,69370,3007,6044,285,38.9,1.5,64865,3900,9502,335,61.1,1.5,71708,2867,12230,410,78.7,2,76495,1460,4183,264,26.9,1.6,80940,3566,2191,253,14.1,1.5,42348,5194,1292,202,8.3,1.2,25976,8411,1125,221,7.2,1.4,44513,4303,569,157,3.7,1,35610,9794,(X),(X),(X),(X),60486,2737,(X),(X),(X),(X),72656,3825,(X),(X),(X),(X),84466,4398,(X),(X),(X),(X),78548,6731,(X),(X),(X),(X),74000,24381,(X),(X),(X),(X),41250,11046,2387,226,15.4,1.4,36894,3196,4450,362,28.6,2.2,50970,4451,6675,404,42.9,2.3,80230,2758,2034,206,13.1,1.3,112929,9941,8405,408,8405,408,30912,1634,4035,304,48,2.6,23382,2261,3571,281,42.5,2.6,21400,1392,464,138,5.5,1.6,53214,18812,4370,295,52,2.6,38428,3578,3400,284,40.5,2.8,32468,3912,970,163,11.5,1.9,60641,15091
36039,"Greene County, New York",17106,437,17106,437,53214,2786,16454,444,96.2,1,52903,2607,377,162,2.2,0.9,60129,41834,33,34,0.2,0.2,-,**,125,33,0.7,0.2,95156,39272,0,24,0,0.2,-,**,48,35,0.3,0.2,54063,20300,69,43,0.4,0.2,-,**,547,141,3.2,0.8,41110,7242,15986,451,93.5,1.3,53432,2784,232,89,1.4,0.5,28750,9238,3620,289,21.2,1.4,61232,2812,7359,291,43,1.6,70850,4951,5895,295,34.5,1.6,37536,3210,10591,405,10591,405,69497,3350,3345,277,31.6,2.3,74472,7492,7246,361,68.4,2.3,68144,3963,8508,388,80.3,2.5,77650,2576,2474,254,23.4,2.3,82426,9800,1425,217,13.5,1.9,30483,5889,642,134,6.1,1.2,24412,6869,658,169,6.2,1.6,39808,9355,229,92,2.2,0.9,31776,7626,(X),(X),(X),(X),60255,3347,(X),(X),(X),(X),74083,7536,(X),(X),(X),(X),80655,10052,(X),(X),(X),(X),78969,10866,(X),(X),(X),(X),67250,24924,(X),(X),(X),(X),72500,49510,2400,259,22.7,2.4,35679,4436,3212,351,30.3,2.8,55964,4782,4065,318,38.4,2.7,88143,5271,914,143,8.6,1.4,115925,5988,6515,383,6515,383,33058,2549,3538,252,54.3,2.8,25426,2023,3133,248,48.1,3.1,23729,2107,405,125,6.2,1.9,47847,8322,2977,277,45.7,2.8,38927,3341,2411,274,37,3.3,36844,2537,566,127,8.7,1.8,81250,25583
36041,"Hamilton County, New York",1095,97,1095,97,55587,3147,1086,93,99.2,1,55720,2767,1,3,0.1,0.3,-,**,1,2,0.1,0.2,-,**,1,2,0.1,0.2,-,**,1,3,0.1,0.3,-,**,2,6,0.2,0.6,-,**,3,4,0.3,0.4,-,**,4,12,0.4,1.1,-,**,1084,90,99,1.4,55720,2768,7,17,0.6,1.6,-,**,110,44,10,3.7,62500,13025,538,84,49.1,7.1,62708,7724,440,88,40.2,7.7,41000,12061,723,94,723,94,64440,4310,128,44,17.7,4.9,57500,18204,595,70,82.3,4.9,65078,5125,620,88,85.8,5,68977,4581,95,35,13.1,4.1,71094,17430,83,35,11.5,4.7,43438,23042,22,13,3,1.8,36250,23550,20,13,2.8,1.7,54583,13685,11,10,1.5,1.4,53958,5178,(X),(X),(X),(X),65000,4595,(X),(X),(X),(X),61250,17104,(X),(X),(X),(X),50625,39140,(X),(X),(X),(X),36912,29084,(X),(X),(X),(X),111875,99356,(X),(X),(X),(X),-,**,153,32,21.2,4.5,56964,6612,206,50,28.5,5.9,54583,8347,315,79,43.6,7.6,72917,18109,49,18,6.8,3.1,78125,10757,372,60,372,60,28958,9002,170,51,45.7,11.5,31136,8229,147,47,39.5,10.8,27083,9881,23,16,6.2,4.2,71750,13916,202,54,54.3,11.5,24286,10207,184,52,49.5,10.6,27917,10401,18,18,4.8,4.7,21607,16898
36043,"Herkimer County, New York",25187,448,25187,448,49077,2029,24707,424,98.1,0.4,49492,1897,157,87,0.6,0.3,-,**,43,26,0.2,0.1,-,**,81,35,0.3,0.1,-,**,9,14,0,0.1,-,**,21,24,0.1,0.1,78250,57087,169,62,0.7,0.2,33906,10980,266,85,1.1,0.3,53750,32374,24509,414,97.3,0.4,49533,1897,874,211,3.5,0.8,35714,8775,6479,279,25.7,1.1,54757,3416,10559,283,41.9,1,59439,3447,7275,230,28.9,0.8,35773,1924,16193,487,16193,487,61412,2361,5987,350,37,1.7,54894,4609,10206,374,63,1.7,64491,2490,11970,441,73.9,2,69515,2201,3619,282,22.3,1.6,75012,4195,2604,268,16.1,1.5,33091,3833,1399,171,8.6,1,23218,5550,1619,246,10,1.4,41007,8239,969,202,6,1.2,37664,7193,(X),(X),(X),(X),54354,2431,(X),(X),(X),(X),68697,5646,(X),(X),(X),(X),74189,4336,(X),(X),(X),(X),64472,4386,(X),(X),(X),(X),60542,18275,(X),(X),(X),(X),52829,7690,2793,245,17.2,1.5,34491,2222,5365,394,33.1,2.1,46444,4106,6316,397,39,2.2,75307,4176,1719,200,10.6,1.2,100568,7249,8994,550,8994,550,28069,2244,4796,347,53.3,2.4,24577,2927,3998,314,44.5,2.8,21347,1782,798,203,8.9,2.1,61607,22079,4198,354,46.7,2.4,31275,2909,3400,308,37.8,2.4,27462,2715,798,156,8.9,1.6,58333,13945
36045,"Jefferson County, New York",43206,653,43206,653,50322,1205,38856,570,89.9,0.7,51344,1165,2140,242,5,0.5,46994,5798,212,133,0.5,0.3,44058,18267,657,144,1.5,0.3,45810,11963,82,45,0.2,0.1,55179,25848,352,137,0.8,0.3,42132,14600,907,239,2.1,0.5,27250,10105,1990,201,4.6,0.4,43240,2494,37684,553,87.2,0.8,51545,1250,3159,336,7.3,0.7,33498,3872,16589,489,38.4,0.9,52203,2067,14775,351,34.2,0.9,63085,2663,8683,253,20.1,0.5,39530,2790,29204,700,29204,700,59488,2075,13945,534,47.8,1.3,51206,2106,15259,505,52.2,1.3,64947,2013,22757,634,77.9,1.5,66865,1949,9561,466,32.7,1.5,67086,4729,4601,375,15.8,1.2,29416,4831,3207,320,11,1,23915,4286,1846,273,6.3,0.9,42500,5021,1177,229,4,0.7,36406,8943,(X),(X),(X),(X),55864,2362,(X),(X),(X),(X),59551,3791,(X),(X),(X),(X),66717,4284,(X),(X),(X),(X),65750,6365,(X),(X),(X),(X),56293,11777,(X),(X),(X),(X),60125,15738,4147,334,14.2,1.1,38080,3034,9959,533,34.1,1.7,43068,2061,12644,623,43.3,1.8,76123,3311,2454,275,8.4,0.9,92353,4450,14002,625,14002,625,31052,1848,6762,424,48.3,2.2,25447,1742,5613,401,40.1,2.2,21544,1688,1149,216,8.2,1.5,56016,9807,7240,447,51.7,2.2,37027,3291,5785,416,41.3,2.1,31718,3330,1455,223,10.4,1.6,53365,8333
36047,"Kings County, New York",944650,2565,944650,2565,52782,467,442710,2454,46.9,0.2,65991,662,317311,2071,33.6,0.2,43308,752,3163,396,0.3,0.1,37456,7273,90582,1145,9.6,0.1,55686,1458,295,101,0,0.1,73162,27634,70231,1558,7.4,0.2,35617,1224,20358,899,2.2,0.1,56982,3291,163083,1588,17.3,0.2,38927,897,376971,1680,39.9,0.2,71432,932,28818,979,3.1,0.1,37666,2017,367859,2180,38.9,0.2,65859,937,342121,2181,36.2,0.2,56819,847,205852,1554,21.8,0.1,29396,693,585611,3176,585611,3176,60317,573,258643,2564,44.2,0.4,52394,848,326968,3033,55.8,0.4,65543,861,355798,2919,60.8,0.4,77730,1025,163594,2113,27.9,0.3,74966,1517,175874,2603,30,0.4,38668,893,77832,1829,13.3,0.3,29165,1137,53939,1499,9.2,0.3,51140,1242,17217,910,2.9,0.2,39655,2180,(X),(X),(X),(X),52413,891,(X),(X),(X),(X),61951,1343,(X),(X),(X),(X),71661,1807,(X),(X),(X),(X),62989,2343,(X),(X),(X),(X),63648,3361,(X),(X),(X),(X),66779,3289,78892,1745,13.5,0.3,17149,473,211812,2508,36.2,0.4,41441,469,225985,2543,38.6,0.4,90095,1314,68922,1682,11.8,0.3,107730,1665,359039,2517,359039,2517,38446,961,202291,2375,56.3,0.4,31827,658,162804,2076,45.3,0.4,23094,660,39487,1176,11,0.3,92238,2144,156748,1630,43.7,0.4,47313,1313,113418,1558,31.6,0.4,33375,1428,43330,1250,12.1,0.3,96994,2969
36049,"Lewis County, New York",10236,237,10236,237,51475,1907,10065,240,98.3,0.6,51815,1869,15,22,0.1,0.2,-,**,22,12,0.2,0.1,28000,12056,28,20,0.3,0.2,-,**,0,21,0,0.3,-,**,38,29,0.4,0.3,-,**,68,30,0.7,0.3,15833,15098,79,43,0.8,0.4,48438,21329,10016,235,97.9,0.6,51887,1871,329,84,3.2,0.8,29840,9175,2951,155,28.8,1.2,61058,5332,4296,136,42,1.4,62222,3378,2660,154,26,1.3,33575,2001,7183,242,7183,242,61780,2680,2861,183,39.8,2.1,62940,6162,4322,201,60.2,2.1,61139,3062,5795,229,80.7,2.2,69860,3504,2097,162,29.2,2.1,78525,7005,844,140,11.7,1.9,29609,6615,494,125,6.9,1.7,14935,11472,544,121,7.6,1.6,43173,9279,270,79,3.8,1.1,38438,12281,(X),(X),(X),(X),52645,2689,(X),(X),(X),(X),68306,3786,(X),(X),(X),(X),86977,10245,(X),(X),(X),(X),62630,3590,(X),(X),(X),(X),69000,19153,(X),(X),(X),(X),-,**,1324,152,18.4,2,34167,2480,2154,215,30,2.7,43194,3302,2961,195,41.2,2.5,84149,3776,744,115,10.4,1.6,91833,9417,3053,223,3053,223,29756,2319,1532,153,50.2,3.8,25846,3528,1198,116,39.2,3.4,20392,5248,334,94,10.9,2.8,52400,21592,1521,169,49.8,3.8,36563,4216,1159,129,38,3.5,28917,3371,362,95,11.9,2.7,68594,10154
36051,"Livingston County, New York",24432,369,24432,369,53654,1681,23470,363,96.1,0.6,54383,1705,305,124,1.2,0.5,18429,5249,40,36,0.2,0.1,38667,16422,250,84,1,0.3,53929,41173,0,27,0,0.1,-,**,160,85,0.7,0.3,50294,47024,207,74,0.8,0.3,-,**,488,85,2,0.3,45000,37482,23120,369,94.6,0.6,54758,1768,1287,249,5.3,1,21696,7072,6153,308,25.2,1.1,59802,5369,10222,245,41.8,1,67655,5315,6770,184,27.7,0.9,40183,4255,15435,480,15435,480,70955,2516,6124,345,39.7,1.7,64350,6714,9311,354,60.3,1.7,73127,2130,11979,395,77.6,2,81219,2441,3987,235,25.8,1.5,87571,5039,2666,303,17.3,1.7,29400,5738,1699,274,11,1.6,22978,7335,790,151,5.1,1,46908,7719,438,120,2.8,0.8,40741,15241,(X),(X),(X),(X),63758,1998,(X),(X),(X),(X),71005,5778,(X),(X),(X),(X),85523,6501,(X),(X),(X),(X),94411,5773,(X),(X),(X),(X),64083,20474,(X),(X),(X),(X),-,**,2483,240,16.1,1.5,42813,4305,4867,423,31.5,2.4,51354,3586,6316,358,40.9,2.2,87126,3452,1769,237,11.5,1.5,112188,13159,8997,440,8997,440,29847,2530,4939,353,54.9,3.2,25514,2077,3925,249,43.6,2.6,23165,2446,1014,239,11.3,2.5,41951,15091,4058,368,45.1,3.2,36095,2895,3007,295,33.4,2.6,33517,3424,1051,216,11.7,2.3,51615,9919
36053,"Madison County, New York",26307,560,26307,560,58365,1967,25626,527,97.4,0.6,58383,1866,177,132,0.7,0.5,61118,13928,243,63,0.9,0.2,36763,13182,93,39,0.4,0.1,106875,48037,17,26,0.1,0.1,-,**,39,39,0.1,0.1,-,**,112,50,0.4,0.2,82857,52148,229,82,0.9,0.3,73542,44551,25437,530,96.7,0.6,58361,1803,419,130,1.6,0.5,33194,3758,6971,297,26.5,0.9,60877,3291,11784,356,44.8,1.1,70992,2159,7133,266,27.1,0.9,40088,3018,16869,460,16869,460,72052,2902,6591,361,39.1,1.8,71613,4754,10278,417,60.9,1.8,72384,3872,13190,460,78.2,1.9,84308,2313,4671,310,27.7,1.6,93719,7597,2642,287,15.7,1.6,37148,5741,1321,212,7.8,1.3,24077,5440,1037,186,6.1,1.1,51061,6458,599,155,3.6,0.9,47574,14081,(X),(X),(X),(X),63275,4714,(X),(X),(X),(X),77417,6399,(X),(X),(X),(X),91645,10216,(X),(X),(X),(X),80313,14749,(X),(X),(X),(X),78182,32916,(X),(X),(X),(X),76688,31168,2775,244,16.5,1.4,38164,3540,5164,388,30.6,2.2,50973,2842,7321,404,43.4,1.9,92715,4647,1609,203,9.5,1.2,112326,9247,9438,488,9438,488,34058,2730,4754,362,50.4,3,29793,2185,3998,318,42.4,2.8,27008,2332,756,149,8,1.5,65343,13875,4684,386,49.6,3,40419,5224,3456,322,36.6,2.8,32284,4002,1228,218,13,2.1,58017,7448
36055,"Monroe County, New York",300496,1309,300496,1309,55272,680,240391,1335,80,0.3,61919,731,41384,930,13.8,0.3,29094,1259,1161,203,0.4,0.1,25606,2645,8351,361,2.8,0.1,55677,6019,46,47,0,0.1,21731,7780,4371,405,1.5,0.1,30313,2608,4792,442,1.6,0.1,41481,3177,19258,495,6.4,0.2,30922,1708,228576,1241,76.1,0.3,63653,861,11563,640,3.8,0.2,24782,1941,93833,1135,31.2,0.3,58371,1560,119305,922,39.7,0.3,69791,1386,75795,866,25.2,0.3,40640,842,182129,1366,182129,1366,72653,1211,77373,1304,42.5,0.6,68113,2001,104756,1319,57.5,0.6,75363,1466,127795,1422,70.2,0.6,90819,1309,47167,1101,25.9,0.6,100455,2277,41637,1088,22.9,0.5,32480,1241,24243,924,13.3,0.5,23013,1333,12697,870,7,0.5,49369,3303,5963,499,3.3,0.3,42180,1645,(X),(X),(X),(X),63585,1387,(X),(X),(X),(X),76282,2311,(X),(X),(X),(X),95081,2102,(X),(X),(X),(X),93850,4613,(X),(X),(X),(X),74937,4607,(X),(X),(X),(X),72917,15541,28082,1053,15.4,0.6,37790,1591,56490,1171,31,0.6,49073,1874,76597,1490,42.1,0.8,95699,1494,20960,805,11.5,0.4,116200,3832,118367,1513,118367,1513,33986,789,64636,1363,54.6,0.8,30753,756,54531,1314,46.1,0.8,27269,679,10105,560,8.5,0.5,63614,3054,53731,1161,45.4,0.8,38381,1433,41512,1021,35.1,0.9,32465,1233,12219,753,10.3,0.6,65004,2722
36057,"Montgomery County, New York",19700,304,19700,304,47449,2192,18034,306,91.5,0.9,49124,1784,235,83,1.2,0.4,38011,12701,10,14,0.1,0.1,-,**,88,32,0.4,0.2,32100,7056,0,24,0,0.2,-,**,930,169,4.7,0.9,25822,5106,403,104,2,0.5,34769,13878,1956,186,9.9,0.9,27435,11129,17191,302,87.3,1,49717,1804,642,148,3.3,0.7,32308,11119,5510,237,28,1,50023,2633,8026,256,40.7,1.3,63993,3816,5522,211,28,1.1,32583,2483,12501,390,12501,390,58912,2955,5167,273,41.3,1.7,47079,4433,7334,314,58.7,1.7,65463,2023,8568,364,68.5,2.2,71265,3281,2946,238,23.6,1.8,77177,6859,2749,232,22,1.8,30361,5191,1560,194,12.5,1.5,19961,6173,1184,203,9.5,1.5,37206,9488,661,157,5.3,1.2,28094,4335,(X),(X),(X),(X),54438,3554,(X),(X),(X),(X),60278,9158,(X),(X),(X),(X),65938,10943,(X),(X),(X),(X),84375,20203,(X),(X),(X),(X),45000,21530,(X),(X),(X),(X),62596,27834,2070,203,16.6,1.5,30492,3546,4591,365,36.7,2.6,40696,2755,4613,289,36.9,2.2,79844,3421,1227,172,9.8,1.4,99926,8549,7199,327,7199,327,27611,2154,3888,252,54,2.9,22322,1459,3283,237,45.6,2.9,20709,1403,605,120,8.4,1.6,51406,12840,3311,275,46,2.9,35360,2746,2640,249,36.7,3.1,30833,3339,671,140,9.3,1.8,59668,4470
36059,"Nassau County, New York",444136,1314,444136,1314,105744,781,334026,1562,75.2,0.3,110439,1106,45320,826,10.2,0.2,88107,2623,996,191,0.2,0.1,63893,21987,32908,557,7.4,0.1,128373,2598,35,24,0,0.1,-,**,21379,952,4.8,0.2,67254,3069,9472,595,2.1,0.1,84229,6928,52457,858,11.8,0.2,82629,1705,308757,1237,69.5,0.2,111758,1248,3844,447,0.9,0.1,43086,12270,109955,1246,24.8,0.3,119614,2201,200555,1310,45.2,0.3,126489,1582,129782,1147,29.2,0.2,66942,1517,340148,2093,340148,2093,123898,1072,143022,1462,42,0.4,131501,2142,197126,2040,58,0.4,118431,1447,270528,2543,79.5,0.5,139160,1293,117881,1627,34.7,0.4,149317,2363,50646,1576,14.9,0.5,72756,2319,19142,1006,5.6,0.3,50111,4151,18974,923,5.6,0.3,84624,3602,5999,577,1.8,0.2,73588,7526,(X),(X),(X),(X),97544,1963,(X),(X),(X),(X),125293,1969,(X),(X),(X),(X),146798,2146,(X),(X),(X),(X),144393,5025,(X),(X),(X),(X),137896,4011,(X),(X),(X),(X),152533,10401,35916,1001,10.6,0.3,54538,1854,93383,1804,27.5,0.5,92249,1817,144197,2223,42.4,0.5,144934,2010,66652,1487,19.6,0.5,162433,2564,103988,1792,103988,1792,48182,1547,63929,1301,61.5,0.8,39779,1489,56777,1152,54.6,0.9,35664,1232,7152,606,6.9,0.5,92866,8706,40059,1158,38.5,0.8,62012,2196,32764,1151,31.5,0.9,53960,2643,7295,618,7,0.6,111101,3596
36061,"New York County, New York",758345,3842,758345,3842,79781,1158,477895,3300,63,0.3,106561,1303,101158,1927,13.3,0.2,33783,1454,2396,436,0.3,0.1,39665,12386,88585,1736,11.7,0.2,78301,3994,262,114,0,0.1,-,**,63035,2027,8.3,0.3,33049,1577,25014,1433,3.3,0.2,54072,4197,151647,1956,20,0.2,36245,1079,414955,2536,54.7,0.3,118664,1832,24233,1014,3.2,0.1,48580,3388,309850,2890,40.9,0.3,106499,1521,247107,2540,32.6,0.3,77755,2196,177155,1764,23.4,0.2,40305,1263,320700,3617,320700,3617,99245,2705,120406,2510,37.5,0.7,104069,3859,200294,3333,62.5,0.7,96369,2328,212560,2904,66.3,0.6,156619,3643,78739,2037,24.6,0.6,182876,7540,84623,2096,26.4,0.6,35414,1540,34650,1412,10.8,0.4,27297,1888,23517,1389,7.3,0.4,59033,2986,7017,787,2.2,0.2,56113,7604,(X),(X),(X),(X),103493,2956,(X),(X),(X),(X),92304,5427,(X),(X),(X),(X),112778,9112,(X),(X),(X),(X),78210,11391,(X),(X),(X),(X),62670,8976,(X),(X),(X),(X),55084,5045,41446,1764,12.9,0.5,19352,1185,110445,2565,34.4,0.7,62407,2337,148551,2951,46.3,0.7,166597,3481,20258,1264,6.3,0.4,100707,5999,437645,3984,437645,3984,68118,1542,242808,3118,55.5,0.5,60967,1304,202834,3189,46.3,0.6,51229,912,39974,1672,9.1,0.4,115722,3879,194837,3068,44.5,0.5,79523,2469,148031,2816,33.8,0.5,63003,1586,46806,1692,10.7,0.4,141000,6590
36063,"Niagara County, New York",87978,878,87978,878,51656,1205,79385,850,90.2,0.4,54593,1281,5990,304,6.8,0.3,27026,2905,663,109,0.8,0.1,37361,4449,598,102,0.7,0.1,36894,20385,18,16,0,0.1,"2,500-",***,349,119,0.4,0.1,28173,16551,975,188,1.1,0.2,36974,7848,1436,146,1.6,0.2,36566,4516,78444,832,89.2,0.4,54920,1337,2492,337,2.8,0.4,21151,2430,23426,557,26.6,0.5,57516,2392,37347,502,42.5,0.5,65744,2029,24713,421,28.1,0.5,36275,1053,54627,889,54627,889,68737,1605,21247,663,38.9,0.9,65075,3731,33380,689,61.1,0.9,70368,1919,39824,790,72.9,1.1,81597,2204,13054,528,23.9,0.9,94542,3638,10996,521,20.1,0.9,32681,2021,6237,479,11.4,0.8,25828,2678,3807,392,7,0.7,47370,3894,1956,308,3.6,0.5,45219,8001,(X),(X),(X),(X),60804,1487,(X),(X),(X),(X),73135,4050,(X),(X),(X),(X),90973,4193,(X),(X),(X),(X),90595,6219,(X),(X),(X),(X),76797,8620,(X),(X),(X),(X),55125,18149,9465,497,17.3,0.9,37569,1712,17780,844,32.5,1.3,50362,2131,21222,706,38.8,1.3,91100,2547,6160,489,11.3,0.9,115133,5058,33351,875,33351,875,29314,1187,17708,668,53.1,1.4,26684,1205,15357,612,46,1.4,24370,1387,2351,322,7,1,58184,6452,15643,633,46.9,1.4,33362,2141,12981,501,38.9,1.2,29281,2197,2662,342,8,1,59219,6750
36065,"Oneida County, New York",90472,856,90472,856,51316,933,81730,789,90.3,0.4,53644,969,4224,361,4.7,0.4,28736,2374,167,71,0.2,0.1,34821,12080,2449,184,2.7,0.2,34755,7229,21,24,0,0.1,-,**,826,165,0.9,0.2,21466,4492,1055,246,1.2,0.3,23795,4793,3054,282,3.4,0.3,23286,1956,79793,773,88.2,0.5,54306,993,2908,326,3.2,0.4,27232,3426,25544,592,28.2,0.5,53427,2057,36543,606,40.4,0.6,62176,2086,25477,427,28.2,0.5,38858,1505,56466,960,56466,960,65284,1074,24030,661,42.6,1,60233,2880,32436,806,57.4,1,68870,1632,39939,803,70.7,1,78570,1551,14484,636,25.7,1.1,83920,1917,11885,525,21,0.8,29846,2093,7267,505,12.9,0.9,23983,2192,4642,359,8.2,0.6,43731,2630,2279,310,4,0.5,36390,2438,(X),(X),(X),(X),59735,1827,(X),(X),(X),(X),67110,2457,(X),(X),(X),(X),81456,3521,(X),(X),(X),(X),67072,8628,(X),(X),(X),(X),65417,19622,(X),(X),(X),(X),47500,11276,10265,468,18.2,0.7,34317,1634,18600,677,32.9,1.1,45568,2010,22078,762,39.1,1.2,84830,2305,5523,416,9.8,0.8,109906,6067,34006,895,34006,895,30433,872,17999,611,52.9,1.3,28029,1181,15720,612,46.2,1.4,26140,980,2279,319,6.7,0.9,55326,3769,16007,665,47.1,1.3,33531,2141,12908,631,38,1.4,30172,1824,3099,362,9.1,1,56720,6528
36067,"Onondaga County, New York",185840,1160,185840,1160,57271,864,156657,980,84.3,0.3,62805,1001,18511,512,10,0.3,30165,1402,1065,181,0.6,0.1,37993,11555,4800,204,2.6,0.1,43620,3501,56,35,0,0.1,-,**,1593,225,0.9,0.1,21085,5751,3158,348,1.7,0.2,45185,10569,6205,335,3.3,0.2,36112,5128,152739,986,82.2,0.3,63338,1001,6922,452,3.7,0.2,23560,2679,56378,697,30.3,0.3,61186,1511,75111,758,40.4,0.3,72944,1318,47429,508,25.5,0.3,41071,1252,113541,1115,113541,1115,74968,1130,49253,796,43.4,0.6,70608,2406,64288,970,56.6,0.6,77685,1411,80778,1177,71.1,0.7,91923,1373,30395,715,26.8,0.6,102013,2347,24435,758,21.5,0.7,34228,1499,14354,657,12.6,0.6,25557,2150,8328,575,7.3,0.5,48426,2947,4504,447,4,0.4,41293,1969,(X),(X),(X),(X),66134,1512,(X),(X),(X),(X),75766,1662,(X),(X),(X),(X),95741,3518,(X),(X),(X),(X),90117,5687,(X),(X),(X),(X),79563,11007,(X),(X),(X),(X),57868,10774,17080,724,15,0.6,35365,1744,37564,1052,33.1,0.9,50852,1284,46953,1080,41.4,0.9,98959,1613,11944,512,10.5,0.4,118988,4466,72299,1130,72299,1130,34443,1178,39876,878,55.2,1,31459,986,33143,833,45.8,1,27673,1064,6733,472,9.3,0.6,62588,4383,32423,907,44.8,1,38124,1748,24561,774,34,1,32262,1411,7862,539,10.9,0.7,63509,4056
36069,"Ontario County, New York",44269,492,44269,492,61710,1781,41999,454,94.9,0.6,63348,1903,924,167,2.1,0.4,30697,8573,123,63,0.3,0.1,73750,37044,318,97,0.7,0.2,71518,26609,48,61,0.1,0.1,-,**,517,115,1.2,0.3,29131,5837,340,102,0.8,0.2,34659,8504,1355,122,3.1,0.3,32335,4692,41338,456,93.4,0.6,63854,1978,1298,223,2.9,0.5,38034,4814,11458,336,25.9,0.7,68742,4128,18728,319,42.3,0.7,78058,3014,12785,324,28.9,0.7,42252,2034,28546,644,28546,644,78750,2130,11513,418,40.3,1.3,77534,5070,17033,555,59.7,1.3,79069,2390,21963,621,76.9,1.3,91814,2237,7838,415,27.5,1.4,103052,3068,4523,352,15.8,1.1,38694,2427,2675,272,9.4,0.9,31829,2834,2060,279,7.2,1,58355,9211,1000,178,3.5,0.6,51422,8155,(X),(X),(X),(X),70244,3345,(X),(X),(X),(X),77538,3649,(X),(X),(X),(X),99172,5452,(X),(X),(X),(X),101808,11660,(X),(X),(X),(X),99191,16656,(X),(X),(X),(X),100000,33910,4423,302,15.5,1,44487,3694,8082,492,28.3,1.6,57315,3396,12569,586,44,1.7,95781,2022,3472,375,12.2,1.3,125434,6910,15723,599,15723,599,35461,2342,8596,490,54.7,2.4,30988,1820,7480,460,47.6,2.4,28074,2533,1116,174,7.1,1.1,50833,7273,7127,484,45.3,2.4,41464,1804,5466,442,34.8,2.3,36153,3671,1661,238,10.6,1.5,68545,5434
36071,"Orange County, New York",126460,833,126460,833,75146,1717,97584,992,77.2,0.6,80415,2405,13525,492,10.7,0.4,63448,3938,403,140,0.3,0.1,65913,22277,2639,227,2.1,0.2,97420,20416,90,65,0.1,0.1,84286,30826,9608,519,7.6,0.4,52941,5823,2611,358,2.1,0.3,58574,10382,20483,549,16.2,0.4,62217,3804,88505,822,70,0.5,80090,2393,3337,392,2.6,0.3,29727,4645,37800,754,29.9,0.5,75890,2824,56301,725,44.5,0.5,93985,2282,29022,554,22.9,0.4,49959,2077,89112,1168,89112,1168,90243,1675,41570,919,46.6,0.8,86989,3108,47542,923,53.4,0.8,92400,2297,68731,1120,77.1,0.9,102938,1915,31482,761,35.3,0.8,104782,3034,15041,688,16.9,0.7,47396,3427,7728,574,8.7,0.6,31957,2434,5340,526,6,0.6,63923,3949,2360,381,2.6,0.4,55318,11379,(X),(X),(X),(X),75476,3355,(X),(X),(X),(X),95972,5583,(X),(X),(X),(X),109278,3438,(X),(X),(X),(X),101596,7038,(X),(X),(X),(X),107532,17803,(X),(X),(X),(X),67296,6979,9783,534,11,0.6,38341,4182,29323,1046,32.9,1,63577,2289,37056,1114,41.6,1.2,111163,3024,12950,653,14.5,0.7,136299,4771,37348,1055,37348,1055,39210,1685,20199,645,54.1,1.6,33530,2141,17446,603,46.7,1.6,29612,1579,2753,353,7.4,0.9,84562,7963,17149,889,45.9,1.6,47631,3344,13872,750,37.1,1.6,41294,3717,3277,394,8.8,0.9,79332,14431
36073,"Orleans County, New York",16214,368,16214,368,49223,2670,15174,362,93.6,1.3,49985,2441,540,136,3.3,0.8,30909,27318,56,36,0.3,0.2,86500,62231,114,56,0.7,0.3,-,**,0,24,0,0.2,-,**,215,118,1.3,0.7,19173,2535,115,50,0.7,0.3,50764,30149,489,106,3,0.6,20745,3799,14951,358,92.2,1.2,50274,2423,465,134,2.9,0.8,28750,9365,4563,314,28.1,1.6,50371,5075,6835,282,42.2,1.7,59511,3872,4351,142,26.8,0.8,38733,2630,10763,446,10763,446,57601,2576,4226,342,39.3,2.3,45036,5742,6537,301,60.7,2.3,62884,3735,7891,378,73.3,2.7,66954,5095,2530,238,23.5,2.1,67167,7164,2145,293,19.9,2.4,30226,3016,1280,238,11.9,2,19623,5814,727,150,6.8,1.4,42061,5371,416,116,3.9,1,33889,15402,(X),(X),(X),(X),53202,2975,(X),(X),(X),(X),61231,12001,(X),(X),(X),(X),68365,10218,(X),(X),(X),(X),64063,8134,(X),(X),(X),(X),61597,27485,(X),(X),(X),(X),71354,53614,1900,255,17.7,2.1,36215,3818,3639,342,33.8,2.7,40994,4420,4069,310,37.8,2.7,77339,6130,1155,167,10.7,1.6,105492,9809,5451,382,5451,382,31640,4630,2647,238,48.6,3.2,28005,2897,2261,223,41.5,2.9,25158,2735,386,96,7.1,1.8,63587,7222,2804,281,51.4,3.2,36676,4642,2078,247,38.1,3.5,27042,4890,726,165,13.3,2.8,57379,5669
36075,"Oswego County, New York",45881,534,45881,534,51755,1388,44701,544,97.4,0.3,52203,1442,232,58,0.5,0.1,29537,16126,77,36,0.2,0.1,57708,56844,168,64,0.4,0.1,62115,23936,9,15,0,0.1,-,**,194,90,0.4,0.2,-,**,500,109,1.1,0.2,29074,4763,863,139,1.9,0.3,26362,8792,44163,544,96.3,0.4,52372,1443,1681,217,3.7,0.5,29635,8137,13191,404,28.8,0.7,53169,2946,19963,375,43.5,0.8,63375,2517,11046,243,24.1,0.6,39177,2072,30730,614,30730,614,62176,2149,12894,462,42,1.2,53884,2944,17836,479,58,1.2,67222,2295,22338,586,72.7,1.6,75840,1889,7756,422,25.2,1.3,82112,4502,5428,436,17.7,1.3,25736,1637,3326,309,10.8,1,19871,2269,2964,297,9.6,0.9,43688,5911,1812,250,5.9,0.8,37047,8669,(X),(X),(X),(X),57107,2242,(X),(X),(X),(X),67096,4634,(X),(X),(X),(X),77946,9012,(X),(X),(X),(X),66208,9751,(X),(X),(X),(X),50227,16684,(X),(X),(X),(X),70217,46188,5861,313,19.1,0.9,33669,1769,10091,498,32.8,1.5,47885,2868,11668,535,38,1.4,82346,2692,3110,286,10.1,1,111337,5140,15151,614,15151,614,31713,1088,7525,406,49.7,2,27959,2350,5845,332,38.6,1.8,23863,2075,1680,264,11.1,1.6,53673,10928,7626,455,50.3,2,34326,1915,5608,389,37,2,30925,1060,2018,328,13.3,2.1,48690,11504
36077,"Otsego County, New York",23627,402,23627,402,51254,1528,22835,421,96.6,0.5,51488,1575,296,67,1.3,0.3,31667,29722,31,19,0.1,0.1,61750,22001,152,39,0.6,0.2,54773,20425,0,27,0,0.1,-,**,128,65,0.5,0.3,-,**,185,62,0.8,0.3,48854,9176,392,88,1.7,0.4,44828,19502,22622,424,95.7,0.5,51413,1586,1341,202,5.7,0.8,24673,3148,5302,254,22.4,0.9,54828,3072,9622,190,40.7,0.8,63333,2273,7362,203,31.2,0.9,42410,2435,15005,378,15005,378,64150,2604,5349,264,35.6,1.4,63239,4941,9656,293,64.4,1.4,64502,2777,11594,362,77.3,1.6,72866,2560,3657,253,24.4,1.6,83506,4067,2137,199,14.2,1.3,32213,5555,1099,168,7.3,1.1,24212,3062,1274,212,8.5,1.4,42206,3070,593,154,4,1,31141,10863,(X),(X),(X),(X),57819,4079,(X),(X),(X),(X),68596,5637,(X),(X),(X),(X),83291,3755,(X),(X),(X),(X),66929,13623,(X),(X),(X),(X),66667,19757,(X),(X),(X),(X),-,**,2703,221,18,1.4,38429,4086,4321,290,28.8,1.8,44157,2212,6524,373,43.5,2.2,82422,3006,1457,164,9.7,1.1,103542,8786,8622,398,8622,398,30554,2684,4743,285,55,2.2,28122,2112,3814,300,44.2,2.8,26038,2609,929,182,10.8,2.1,34826,16902,3879,267,45,2.2,34755,2846,2744,240,31.8,2.3,27940,3529,1135,177,13.2,1.9,54572,10528
36079,"Putnam County, New York",34316,490,34316,490,99608,2584,31398,488,91.5,0.7,101022,3384,752,140,2.2,0.4,82197,27465,123,76,0.4,0.2,51458,12718,555,93,1.6,0.3,130938,17432,0,27,0,0.1,-,**,992,199,2.9,0.6,55714,32937,496,153,1.4,0.4,89423,30410,3498,285,10.2,0.8,76667,11130,29216,456,85.1,0.8,102587,4487,133,82,0.4,0.2,25868,2293,8098,361,23.6,0.9,113430,1774,17174,385,50,1,115621,6689,8911,296,26,0.9,65356,5029,25824,520,25824,520,115601,2970,10447,443,40.5,1.4,125246,8309,15377,434,59.5,1.4,108406,7398,21766,542,84.3,1.4,126219,4176,8880,424,34.4,1.5,136227,5556,2793,351,10.8,1.3,69095,9194,1016,201,3.9,0.8,54659,9801,1265,204,4.9,0.8,89063,8714,551,171,2.1,0.7,84044,25441,(X),(X),(X),(X),92083,3736,(X),(X),(X),(X),125432,8864,(X),(X),(X),(X),136217,7655,(X),(X),(X),(X),139159,7673,(X),(X),(X),(X),118824,19679,(X),(X),(X),(X),159485,48091,2683,265,10.4,1,55047,5868,6617,456,25.6,1.7,86636,4733,12141,580,47,1.9,134634,5209,4383,305,17,1.2,152855,10786,8492,522,8492,522,50383,4553,4434,396,52.2,3.5,45000,8658,3859,376,45.4,3.4,37383,5521,575,134,6.8,1.6,99766,26315,4058,391,47.8,3.5,55179,5225,3209,389,37.8,3.5,47670,7416,849,183,10,2.2,101090,15656
36081,"Queens County, New York",777904,2128,777904,2128,62008,471,358147,2199,46,0.3,65539,895,136045,1405,17.5,0.2,63345,1249,2887,334,0.4,0.1,51764,6132,176851,1694,22.7,0.2,60056,962,547,177,0.1,0.1,38789,25960,83054,1838,10.7,0.2,50715,1558,20373,903,2.6,0.1,67420,4421,187830,1753,24.1,0.2,54428,1146,257912,1671,33.2,0.2,69975,1098,13624,675,1.8,0.1,40870,2234,261770,1944,33.7,0.2,69007,1145,319457,2175,41.1,0.3,70411,1032,183053,1461,23.5,0.2,40297,896,525106,3428,525106,3428,69805,753,211452,2280,40.3,0.4,62307,1046,313654,2803,59.7,0.4,74111,889,351408,3170,66.9,0.4,81278,842,148733,2136,28.3,0.3,78893,1533,123863,1810,23.6,0.3,48032,1264,47173,1356,9,0.3,33930,1820,49835,1693,9.5,0.3,59938,1735,15546,1014,3,0.2,44970,4027,(X),(X),(X),(X),59506,1136,(X),(X),(X),(X),70143,1449,(X),(X),(X),(X),77656,1909,(X),(X),(X),(X),82605,2328,(X),(X),(X),(X),83676,3085,(X),(X),(X),(X),106019,5084,59951,1587,11.4,0.3,26312,713,174974,2735,33.3,0.5,48521,1025,206603,2765,39.3,0.5,88273,1045,83578,1900,15.9,0.4,116418,1405,252798,3066,252798,3066,42614,751,138126,2256,54.6,0.6,35162,1004,116999,2055,46.3,0.6,29535,948,21127,901,8.4,0.3,79605,2657,114672,1912,45.4,0.6,51219,918,86697,1753,34.3,0.5,42882,1343,27975,1075,11.1,0.4,82380,2533
36083,"Rensselaer County, New York",64456,518,64456,518,63166,1695,57633,466,89.4,0.4,66119,1341,3731,252,5.8,0.4,27341,4312,82,68,0.1,0.1,32805,10794,1282,154,2,0.2,51389,15186,0,27,0,0.1,-,**,517,125,0.8,0.2,36691,30822,1211,218,1.9,0.3,47574,9887,2124,186,3.3,0.3,38636,12123,56364,475,87.4,0.5,66503,1300,2347,299,3.6,0.5,28535,4355,20202,523,31.3,0.7,63462,2911,26576,442,41.2,0.7,79108,2876,15331,310,23.8,0.5,45491,3299,39265,668,39265,668,81817,2259,16001,582,40.8,1.2,75370,5302,23264,569,59.2,1.2,84848,3031,28595,766,72.8,1.7,98854,2691,10160,483,25.9,1.2,107874,4603,7691,610,19.6,1.5,33081,2788,4440,460,11.3,1.1,24884,3886,2979,342,7.6,0.9,52770,5552,1401,259,3.6,0.6,49728,4020,(X),(X),(X),(X),70461,3745,(X),(X),(X),(X),88370,6130,(X),(X),(X),(X),99459,6990,(X),(X),(X),(X),102348,14605,(X),(X),(X),(X),99200,36164,(X),(X),(X),(X),81250,46605,5831,454,14.9,1.1,41875,4765,11693,629,29.8,1.4,54814,4026,16923,628,43.1,1.5,103939,3034,4818,362,12.3,0.9,128527,2374,25191,709,25191,709,38977,2415,13628,551,54.1,1.8,34864,2412,11302,534,44.9,2,31305,2002,2326,328,9.2,1.2,63554,3912,11563,581,45.9,1.8,42550,2540,8696,498,34.5,1.7,37729,3751,2867,364,11.4,1.4,60114,8737
36085,"Richmond County, New York",166150,907,166150,907,76244,1481,128834,952,77.5,0.4,82188,1404,17145,547,10.3,0.3,44062,3589,391,115,0.2,0.1,62228,18277,12015,371,7.2,0.2,77695,6582,40,29,0,0.1,33750,18914,5446,544,3.3,0.3,43856,6935,2279,297,1.4,0.2,62538,12733,25019,694,15.1,0.4,56122,3248,110987,945,66.8,0.5,84989,1856,2442,447,1.5,0.3,29866,9630,48959,758,29.5,0.4,82792,2006,73223,810,44.1,0.4,91838,2238,41526,605,25,0.3,46595,1596,123292,1275,123292,1275,91262,1998,53822,1201,43.7,0.8,88805,3216,69470,1161,56.3,0.8,92839,2694,90870,1503,73.7,0.9,107403,1913,40380,1071,32.8,0.8,110839,3918,24301,864,19.7,0.7,45772,3480,11123,816,9,0.6,30097,5585,8121,638,6.6,0.5,66511,5078,2319,372,1.9,0.3,46250,9692,(X),(X),(X),(X),71232,2402,(X),(X),(X),(X),92330,4469,(X),(X),(X),(X),114901,3942,(X),(X),(X),(X),109683,8895,(X),(X),(X),(X),88866,9785,(X),(X),(X),(X),123214,28230,19051,853,15.5,0.6,29384,2428,39924,1264,32.4,1,66596,2614,46864,1447,38,1.1,119801,2421,17453,830,14.2,0.6,150884,5263,42858,1090,42858,1090,35911,1414,24781,929,57.8,1.5,29646,1990,22351,835,52.2,1.5,26986,1684,2430,337,5.7,0.7,95337,22043,18077,769,42.2,1.5,46644,3595,15035,765,35.1,1.6,40989,2371,3042,415,7.1,0.9,79396,6322
36087,"Rockland County, New York",99935,605,99935,605,88571,1624,74709,779,74.8,0.6,91427,2251,11333,447,11.3,0.4,74267,4101,187,81,0.2,0.1,110938,67020,5789,257,5.8,0.3,121488,11583,0,27,0,0.1,-,**,6015,494,6,0.5,50198,7039,1902,261,1.9,0.3,84516,13855,13625,493,13.6,0.5,63576,6378,68447,756,68.5,0.6,92705,1989,1740,217,1.7,0.2,26844,4651,27901,585,27.9,0.5,79707,4548,42612,588,42.6,0.6,111811,3597,27682,429,27.7,0.4,65815,2392,74710,847,74710,847,104232,1735,35046,736,46.9,0.8,96543,4452,39664,730,53.1,0.8,109248,2807,60128,899,80.5,1,114250,2160,28280,732,37.9,0.9,111942,2889,10449,708,14,0.9,62751,3984,5024,534,6.7,0.7,39593,6098,4133,410,5.5,0.5,74142,13944,1742,328,2.3,0.4,54534,15096,(X),(X),(X),(X),92013,2988,(X),(X),(X),(X),110202,5407,(X),(X),(X),(X),124601,5435,(X),(X),(X),(X),123131,6313,(X),(X),(X),(X),95000,15941,(X),(X),(X),(X),61442,7204,7426,408,9.9,0.5,52638,4642,22874,849,30.6,1,69712,3926,31037,817,41.5,1,126620,3570,13373,486,17.9,0.7,152060,5951,25225,760,25225,760,47196,2164,14907,571,59.1,1.7,41891,2618,12947,492,51.3,1.6,37565,3503,1960,304,7.8,1.2,88333,17788,10318,578,40.9,1.7,55157,3905,8225,518,32.6,1.6,50559,3287,2093,320,8.3,1.3,94375,17707
36089,"St. Lawrence County, New York",41638,547,41638,547,48330,1867,40570,532,97.4,0.3,48455,1961,94,59,0.2,0.1,-,**,212,64,0.5,0.2,50461,21073,294,64,0.7,0.2,52778,32568,12,16,0,0.1,-,**,104,67,0.2,0.2,79091,58969,352,82,0.8,0.2,33457,4330,242,97,0.6,0.2,-,**,40409,523,97,0.4,48559,1971,1554,252,3.7,0.6,18643,13757,12307,361,29.6,0.7,53342,2872,16949,321,40.7,0.8,55638,1738,10828,274,26,0.6,36373,1475,26325,449,26325,449,57668,2241,10893,419,41.4,1.4,54849,2943,15432,429,58.6,1.4,60314,2530,19281,510,73.2,1.6,71688,2648,6612,346,25.1,1.2,79585,5567,4737,431,18,1.6,29141,2711,2949,372,11.2,1.4,23870,2177,2307,242,8.8,0.9,35625,5048,1332,211,5.1,0.8,31667,6112,(X),(X),(X),(X),54257,1962,(X),(X),(X),(X),55664,2885,(X),(X),(X),(X),79451,5089,(X),(X),(X),(X),74034,14273,(X),(X),(X),(X),65476,20460,(X),(X),(X),(X),45833,32849,5304,334,20.1,1.2,39110,2756,9212,438,35,1.5,42107,2333,9546,470,36.3,1.6,82199,3738,2263,197,8.6,0.8,91852,4708,15313,606,15313,606,28469,1483,7642,394,49.9,2,24542,1518,6222,347,40.6,1.9,22054,2162,1420,201,9.3,1.3,43165,3509,7671,465,50.1,2,33546,3030,5797,403,37.9,1.9,29917,2776,1874,249,12.2,1.6,47961,8653
36091,"Saratoga County, New York",93129,693,93129,693,77548,1961,88472,761,95,0.3,76827,1776,1361,214,1.5,0.2,62406,14040,136,77,0.1,0.1,-,**,2003,196,2.2,0.2,102876,3259,0,27,0,0.1,-,**,278,124,0.3,0.1,88500,10807,879,219,0.9,0.2,87977,29121,1798,186,1.9,0.2,84394,13334,87076,719,93.5,0.4,76633,1774,2507,362,2.7,0.4,42023,8873,28216,612,30.3,0.6,86934,3126,38604,519,41.5,0.6,92392,2451,23802,432,25.6,0.4,50438,1705,61132,918,61132,918,94290,2258,25228,586,41.3,0.8,100765,3585,35904,778,58.7,0.8,90478,2322,49118,911,80.3,1.1,106020,1666,18974,573,31,0.9,118196,4149,8285,558,13.6,0.9,48356,4633,4569,459,7.5,0.7,37238,4514,3729,410,6.1,0.7,65948,5508,1685,267,2.8,0.4,62753,10243,(X),(X),(X),(X),80531,2509,(X),(X),(X),(X),98057,4828,(X),(X),(X),(X),120842,6248,(X),(X),(X),(X),109552,3731,(X),(X),(X),(X),105438,5472,(X),(X),(X),(X),117115,39546,8618,520,14.1,0.8,51917,3154,17206,697,28.1,1.1,69959,4098,28165,930,46.1,1.3,112872,2449,7143,458,11.7,0.7,130473,5342,31997,1016,31997,1016,46559,2182,16983,731,53.1,1.5,37293,3182,14142,698,44.2,1.5,31089,2278,2841,358,8.9,1.1,82875,13027,15014,663,46.9,1.5,58176,4408,11324,622,35.4,1.7,48514,4438,3690,491,11.5,1.5,85386,5366
36093,"Schenectady County, New York",53825,775,53825,775,61315,1710,44691,786,83,0.9,65495,2103,4525,400,8.4,0.7,30234,4219,119,57,0.2,0.1,50069,18113,1799,176,3.3,0.3,62015,11136,0,27,0,0.1,-,**,1560,302,2.9,0.6,46677,5289,1131,201,2.1,0.4,34125,19694,2834,239,5.3,0.4,37099,6628,43288,801,80.4,0.9,66268,2065,789,170,1.5,0.3,21411,1275,16202,605,30.1,0.9,63585,2840,22337,561,41.5,1,74236,3373,14497,455,26.9,0.8,45987,1374,32886,877,32886,877,80122,2243,13103,576,39.8,1.5,76324,3861,19783,769,60.2,1.5,82155,2717,24721,865,75.2,1.5,93298,2963,8739,479,26.6,1.4,100247,3552,6205,453,18.9,1.4,37203,3047,3308,408,10.1,1.2,27832,4579,1960,290,6,0.9,51371,8077,1056,220,3.2,0.7,36992,8212,(X),(X),(X),(X),70996,2942,(X),(X),(X),(X),82139,5996,(X),(X),(X),(X),102629,4694,(X),(X),(X),(X),85625,7971,(X),(X),(X),(X),76429,10848,(X),(X),(X),(X),101167,41052,5251,357,16,1,44895,4763,9919,486,30.2,1.3,52869,3409,14261,616,43.4,1.4,99680,2547,3455,282,10.5,0.8,117861,3825,20939,780,20939,780,36405,1643,11819,618,56.4,1.9,31660,1809,10410,554,49.7,2,28458,2383,1409,259,6.7,1.2,70222,10366,9120,505,43.6,1.9,41694,2179,7443,499,35.5,2.1,36799,2891,1677,279,8,1.3,72742,5350
36095,"Schoharie County, New York",12539,276,12539,276,51842,1978,12349,267,98.5,0.3,51754,2002,29,22,0.2,0.2,33393,32875,3,5,0,0.1,-,**,82,29,0.7,0.2,87361,19390,0,24,0,0.2,-,**,19,10,0.2,0.1,66563,16818,57,29,0.5,0.2,28403,23963,221,38,1.8,0.3,61063,8529,12155,262,96.9,0.4,51433,2125,287,89,2.3,0.7,35491,6864,2921,186,23.3,1.2,60309,4164,5343,173,42.6,1.4,63339,5441,3988,139,31.8,1.1,38525,3505,7928,268,7928,268,64716,2752,2861,212,36.1,2.2,63042,6115,5067,233,63.9,2.2,65707,4136,5916,242,74.6,2.5,73936,2279,1660,143,20.9,1.8,83269,6539,1266,179,16,2.1,39000,5458,746,160,9.4,1.9,26932,10347,746,157,9.4,1.9,34936,18015,455,127,5.7,1.6,31438,9028,(X),(X),(X),(X),57438,3157,(X),(X),(X),(X),66681,9337,(X),(X),(X),(X),84297,6977,(X),(X),(X),(X),71106,8730,(X),(X),(X),(X),74464,17394,(X),(X),(X),(X),78950,3185,1580,164,19.9,1.9,38205,5293,2768,219,34.9,2.4,49663,3673,2852,206,36,2.3,84954,6006,728,96,9.2,1.2,100909,8064,4611,296,4611,296,31112,1873,2245,170,48.7,3,25656,2697,1860,156,40.3,3.2,22346,2550,385,97,8.3,2,48750,27271,2366,232,51.3,3,35397,4238,1745,171,37.8,2.9,32031,3805,621,169,13.5,3.3,54583,17496
36097,"Schuyler County, New York",7444,218,7444,218,47810,3060,7361,217,98.9,0.5,47856,3104,26,22,0.3,0.3,-,**,13,15,0.2,0.2,-,**,9,10,0.1,0.1,-,**,0,18,0,0.4,-,**,0,18,0,0.4,-,**,35,24,0.5,0.3,-,**,62,40,0.8,0.5,30938,15604,7307,214,98.2,0.7,47984,3183,130,67,1.7,0.9,51786,17004,1785,135,24,1.4,59671,9954,3320,125,44.6,1.5,57700,9838,2209,93,29.7,1.3,36801,3650,4768,233,4768,233,62778,4746,1499,159,31.4,2.6,61008,7122,3269,180,68.6,2.6,64196,6141,3593,214,75.4,3.3,73229,3094,918,112,19.3,2.2,81979,5184,747,125,15.7,2.5,30655,3313,414,106,8.7,2.1,23462,7091,428,124,9,2.5,25938,16763,167,66,3.5,1.4,38906,23373,(X),(X),(X),(X),53229,6427,(X),(X),(X),(X),73229,9898,(X),(X),(X),(X),82639,11034,(X),(X),(X),(X),77639,23782,(X),(X),(X),(X),65139,31395,(X),(X),(X),(X),69750,23777,1073,163,22.5,3.1,31188,8041,1368,208,28.7,3.7,48482,6118,1725,154,36.2,3.4,78270,3729,602,113,12.6,2.4,109079,17210,2676,226,2676,226,30000,5737,1385,157,51.8,4.7,23168,4777,1193,159,44.6,4.7,19602,4213,192,70,7.2,2.7,46250,21338,1291,180,48.2,4.7,36212,2990,958,145,35.8,4.4,32500,6578,333,97,12.4,3.3,50347,12329
36099,"Seneca County, New York",13536,287,13536,287,51601,1402,13078,267,96.6,1,52403,1798,120,106,0.9,0.8,33456,25657,37,28,0.3,0.2,-,**,80,32,0.6,0.2,-,**,0,24,0,0.2,-,**,18,19,0.1,0.1,-,**,203,76,1.5,0.6,20139,15131,216,59,1.6,0.4,32778,16000,12879,267,95.1,1.1,52706,1957,537,115,4,0.8,34019,3049,3542,195,26.2,1.1,57535,6668,5581,172,41.2,1.3,61546,3646,3876,129,28.6,0.8,42080,2510,8396,318,8396,318,65674,3489,3147,248,37.5,2.3,59877,4605,5249,252,62.5,2.3,69683,3774,6354,254,75.7,2.4,75674,3747,2038,177,24.3,2,78793,5231,1354,192,16.1,2.1,32950,6197,689,150,8.2,1.7,22565,6585,688,150,8.2,1.7,47500,7566,420,130,5,1.5,48000,8408,(X),(X),(X),(X),59688,3048,(X),(X),(X),(X),68684,9488,(X),(X),(X),(X),84293,7529,(X),(X),(X),(X),73068,19992,(X),(X),(X),(X),77625,26960,(X),(X),(X),(X),68875,14835,1241,152,14.8,1.7,41849,4993,2751,251,32.8,2.5,49288,3791,3554,213,42.3,2.4,82701,4470,850,131,10.1,1.5,119659,13437,5140,323,5140,323,31117,1426,2724,270,53,3.5,30743,1771,2190,199,42.6,2.8,26250,3221,534,134,10.4,2.4,46298,8320,2416,213,47,3.5,31633,3120,1842,172,35.8,3.2,26616,3865,574,156,11.2,2.9,56983,17227
36101,"Steuben County, New York",40351,456,40351,456,50157,1301,38906,446,96.4,0.3,49604,1383,457,82,1.1,0.2,47361,28203,40,32,0.1,0.1,51833,10979,548,68,1.4,0.2,106346,44253,7,8,0,0.1,-,**,70,39,0.2,0.1,25000,10000,323,71,0.8,0.2,45563,12476,401,80,1,0.2,51083,26259,38585,443,95.6,0.3,49542,1378,1162,221,2.9,0.5,33083,4143,11453,298,28.4,0.7,56104,2590,16783,285,41.6,0.6,56910,2093,10953,223,27.1,0.5,37328,1794,26077,558,26077,558,60563,1810,10562,345,40.5,1,55878,2457,15515,430,59.5,1,62954,1719,19365,501,74.3,1.3,72430,2187,6847,308,26.3,1,81453,2604,4333,289,16.6,1,30063,2034,2420,207,9.3,0.8,22536,3159,2379,268,9.1,1,42166,3574,1295,211,5,0.8,37298,7155,(X),(X),(X),(X),55378,2144,(X),(X),(X),(X),60153,3934,(X),(X),(X),(X),76623,6568,(X),(X),(X),(X),77063,7627,(X),(X),(X),(X),58594,9584,(X),(X),(X),(X),58750,19561,5027,301,19.3,1.1,37235,1606,8556,402,32.8,1.5,44246,2862,9962,504,38.2,1.7,84459,3312,2532,260,9.7,1,96103,5791,14274,499,14274,499,29916,1360,7387,386,51.8,2,25520,1952,6276,361,44,2.1,22203,1546,1111,158,7.8,1.1,50489,6621,6887,381,48.2,2,35006,2670,5529,350,38.7,2.1,31266,1671,1358,210,9.5,1.4,54298,10277
36103,"Suffolk County, New York",489328,2013,489328,2013,92838,928,420727,2021,86,0.2,95238,1001,32121,828,6.6,0.2,73607,2920,925,165,0.2,0.1,66435,37726,14557,511,3,0.1,103373,5507,57,46,0,0.1,124750,59714,14896,822,3,0.2,69422,5547,6045,497,1.2,0.1,83997,11997,61021,1016,12.5,0.2,76849,2498,378461,1728,77.3,0.2,97109,1089,3810,429,0.8,0.1,47892,5267,121027,1279,24.7,0.2,101078,1590,230043,1788,47,0.3,110145,1747,134448,1310,27.5,0.3,58703,1372,359870,2225,359870,2225,108519,1086,149293,1887,41.5,0.4,113410,1525,210577,1801,58.5,0.4,105054,1247,282222,2704,78.4,0.5,121813,1060,118376,1774,32.9,0.4,129341,1724,55322,1490,15.4,0.4,62196,1569,23127,966,6.4,0.3,45450,4004,22326,1143,6.2,0.3,76550,3646,7790,666,2.2,0.2,61561,3867,(X),(X),(X),(X),88225,1254,(X),(X),(X),(X),110360,2262,(X),(X),(X),(X),128608,1974,(X),(X),(X),(X),124963,3068,(X),(X),(X),(X),125475,4247,(X),(X),(X),(X),127030,7418,43966,1221,12.2,0.3,51492,1777,100736,2048,28,0.5,77813,1756,148389,2097,41.2,0.5,127894,1730,66779,1499,18.6,0.4,148631,2453,129458,2036,129458,2036,46231,1014,73561,1503,56.8,0.9,38714,1196,63965,1318,49.4,0.9,33306,1174,9596,668,7.4,0.5,91835,6403,55897,1513,43.2,0.9,57839,2602,43899,1337,33.9,0.8,51283,1263,11998,767,9.3,0.6,87010,4912
36105,"Sullivan County, New York",27679,622,27679,622,53877,2786,23905,559,86.4,1.1,56765,2672,1721,228,6.2,0.8,35234,5330,76,47,0.3,0.2,62000,19507,253,65,0.9,0.2,95729,60245,0,27,0,0.1,-,**,943,202,3.4,0.7,39148,3067,781,213,2.8,0.8,40794,18919,3189,274,11.5,0.9,40477,3696,22082,534,79.8,1.1,57832,2146,326,117,1.2,0.4,36667,21409,7290,412,26.3,1.2,55674,5714,12283,406,44.4,1.2,63954,3946,7780,278,28.1,1,39713,3105,17467,553,17467,553,66652,3733,7096,413,40.6,1.9,62291,4507,10371,462,59.4,1.9,69388,4138,12862,505,73.6,2.2,78516,3937,4543,284,26,1.6,88272,8214,3046,346,17.4,1.8,31667,4677,1772,278,10.1,1.5,24897,4476,1559,299,8.9,1.7,53063,17059,781,201,4.5,1.1,35257,12928,(X),(X),(X),(X),59490,2844,(X),(X),(X),(X),74457,6749,(X),(X),(X),(X),83906,10314,(X),(X),(X),(X),80179,18248,(X),(X),(X),(X),76016,15202,(X),(X),(X),(X),104375,28364,3267,301,18.7,1.6,36104,4056,5682,477,32.5,2.5,49421,3842,6561,462,37.6,2.3,84991,5541,1957,260,11.2,1.5,113899,10386,10212,616,10212,616,30883,2098,5372,422,52.6,2.6,28082,2964,4573,379,44.8,2.6,24675,2866,799,182,7.8,1.7,47961,4611,4840,394,47.4,2.6,35000,5856,3915,373,38.3,2.8,29023,3605,925,202,9.1,1.9,75625,21745
36107,"Tioga County, New York",19996,368,19996,368,57153,2861,19492,386,97.5,0.6,58237,2679,110,48,0.6,0.2,61538,29651,16,14,0.1,0.1,31786,23367,117,47,0.6,0.2,37679,4193,6,10,0,0.1,-,**,30,30,0.2,0.1,33750,31176,225,114,1.1,0.6,50191,2299,205,68,1,0.3,63854,19514,19353,377,96.8,0.6,58006,2757,614,157,3.1,0.8,30036,5704,5077,233,25.4,1,67510,6904,8450,263,42.3,1.1,70405,5246,5855,189,29.3,1,39478,4043,13510,411,13510,411,72992,2981,5102,266,37.8,1.7,65429,5559,8408,348,62.2,1.7,76206,3945,10617,378,78.6,1.8,83494,3160,3419,226,25.3,1.6,90458,8833,2201,243,16.3,1.7,35292,4568,1308,206,9.7,1.5,29167,6331,692,153,5.1,1.1,45109,12739,375,110,2.8,0.8,33125,15058,(X),(X),(X),(X),65097,5615,(X),(X),(X),(X),80781,8544,(X),(X),(X),(X),83583,13470,(X),(X),(X),(X),70221,12954,(X),(X),(X),(X),80156,42871,(X),(X),(X),(X),114940,14473,2235,221,16.5,1.6,38590,6840,4290,370,31.8,2.6,52909,4569,5479,438,40.6,2.7,93363,4229,1506,195,11.1,1.5,117731,4336,6486,382,6486,382,28634,2920,3368,308,51.9,3.5,23396,2707,3005,308,46.3,3.9,21388,2057,363,114,5.6,1.7,61610,6148,3118,281,48.1,3.5,32639,2311,2473,251,38.1,3.3,30777,1258,645,183,9.9,2.8,55991,9277
36109,"Tompkins County, New York",38986,584,38986,584,56200,1682,32305,500,82.9,0.9,60866,2603,1175,192,3,0.5,36815,13500,77,45,0.2,0.1,42734,38909,4263,341,10.9,0.8,30853,4301,0,27,0,0.1,-,**,262,133,0.7,0.3,-,**,904,202,2.3,0.5,37297,16209,1232,195,3.2,0.5,30872,4667,31496,484,80.8,1,61367,2722,5147,483,13.2,1.1,11762,2379,12373,389,31.7,0.9,57057,3045,13010,405,33.4,1.1,76435,4860,8456,293,21.7,0.8,51824,4536,20429,493,20429,493,78504,2928,8181,407,40,1.6,72108,5406,12248,423,60,1.6,81893,4610,15828,517,77.5,2.4,93033,2603,5357,351,26.2,1.7,100036,7025,3382,380,16.6,1.7,37112,6591,2031,293,9.9,1.4,26728,11570,1219,333,6,1.6,49505,17961,793,259,3.9,1.2,41334,3732,(X),(X),(X),(X),71943,3841,(X),(X),(X),(X),80265,6268,(X),(X),(X),(X),91630,12527,(X),(X),(X),(X),86964,9746,(X),(X),(X),(X),66842,4208,(X),(X),(X),(X),100096,61768,2724,298,13.3,1.3,45730,4738,6388,451,31.3,2.1,54725,4881,9564,431,46.8,1.9,96858,4761,1753,210,8.6,1,119821,10563,18557,624,18557,624,31893,1625,9727,454,52.4,2,30769,1555,6945,454,37.4,2.2,29104,2460,2782,342,15,1.8,36441,3322,8830,501,47.6,2,35948,5915,5683,396,30.6,1.9,28554,3124,3147,399,17,2,58674,6431
36111,"Ulster County, New York",69662,872,69662,872,61652,1401,63150,854,90.7,0.6,63659,1496,2852,296,4.1,0.4,32978,4320,108,58,0.2,0.1,13600,7878,974,134,1.4,0.2,69286,19774,34,52,0,0.1,-,**,1092,234,1.6,0.3,37346,18536,1452,270,2.1,0.4,53152,11924,4267,318,6.1,0.4,46670,6029,60283,833,86.5,0.7,64376,1599,1804,262,2.6,0.4,30750,8591,17674,596,25.4,0.7,64117,3062,29710,548,42.6,0.7,73105,2019,20474,433,29.4,0.6,45879,2368,43393,850,43393,850,77336,2358,16235,647,37.4,1.3,71466,4052,27158,794,62.6,1.3,81001,3388,32240,793,74.3,1.4,92564,3196,10785,459,24.9,1,96912,5851,7640,505,17.6,1.1,39989,2871,3730,347,8.6,0.8,30862,3160,3513,444,8.1,1,52555,9437,1720,306,4,0.7,37164,8792,(X),(X),(X),(X),71592,2462,(X),(X),(X),(X),78797,7067,(X),(X),(X),(X),90461,6945,(X),(X),(X),(X),93490,11928,(X),(X),(X),(X),87292,20899,(X),(X),(X),(X),88640,48716,6134,409,14.1,0.9,37224,4332,13450,715,31,1.5,56915,2461,18964,763,43.7,1.5,100401,2913,4845,400,11.2,0.9,121473,11439,26269,798,26269,798,34852,1850,14110,537,53.7,1.5,31335,1588,11750,502,44.7,1.5,28211,2099,2360,320,9,1.2,66556,2812,12159,583,46.3,1.5,42186,2388,9336,533,35.5,1.6,34234,4657,2823,373,10.7,1.4,76090,5618
36113,"Warren County, New York",27249,406,27249,406,60222,1986,26477,387,97.2,0.5,60807,1844,182,68,0.7,0.2,31528,13537,42,29,0.2,0.1,45556,21118,228,67,0.8,0.2,59022,17157,0,27,0,0.1,-,**,65,44,0.2,0.2,-,**,255,87,0.9,0.3,39205,28142,440,78,1.6,0.3,39828,30234,26156,389,96,0.5,60845,1932,599,151,2.2,0.5,33875,9441,6575,293,24.1,0.9,64675,4638,11824,317,43.4,1.1,68469,3495,8251,257,30.3,0.9,46039,3823,16606,501,16606,501,74196,2521,5679,341,34.2,1.7,70497,7664,10927,421,65.8,1.7,75925,2405,12535,412,75.5,1.8,85903,3272,3565,330,21.5,1.9,98641,3913,2947,348,17.7,1.9,40379,5265,1607,276,9.7,1.6,32183,6284,1124,212,6.8,1.2,45132,11718,507,152,3.1,0.9,34276,7725,(X),(X),(X),(X),65139,3583,(X),(X),(X),(X),79663,12034,(X),(X),(X),(X),100114,13805,(X),(X),(X),(X),86883,9194,(X),(X),(X),(X),108333,10003,(X),(X),(X),(X),63523,1542,2911,246,17.5,1.4,49572,2725,4950,392,29.8,2.1,53028,7611,6497,440,39.1,2.4,87608,3008,2248,246,13.5,1.5,116117,14389,10643,494,10643,494,35571,2498,5593,340,52.6,2.4,29984,2212,4728,311,44.4,2.4,26949,1746,865,163,8.1,1.5,72565,9964,5050,368,47.4,2.4,40528,4193,3956,311,37.2,2.4,35709,3279,1094,213,10.3,1.9,78095,17819
36115,"Washington County, New York",23988,484,23988,484,52527,2161,23438,458,97.7,0.5,52496,2151,121,72,0.5,0.3,-,**,52,22,0.2,0.1,-,**,88,33,0.4,0.1,81719,31874,0,27,0,0.1,-,**,79,61,0.3,0.3,46442,25661,210,68,0.9,0.3,61667,30434,257,116,1.1,0.5,32969,21898,23295,472,97.1,0.6,52594,2145,602,154,2.5,0.6,32888,11202,6457,284,26.9,0.9,60325,3311,10020,273,41.8,1,62095,3974,6909,220,28.8,0.9,42830,1690,16195,514,16195,514,62333,2762,6013,339,37.1,1.8,54659,5546,10182,440,62.9,1.8,66760,2883,11985,496,74,1.9,74403,3414,3777,288,23.3,1.6,80364,3701,2814,331,17.4,2,32008,5739,1567,263,9.7,1.6,25770,4993,1396,203,8.6,1.2,41630,3510,669,151,4.1,0.9,42870,3574,(X),(X),(X),(X),57783,3125,(X),(X),(X),(X),61520,6736,(X),(X),(X),(X),79681,7732,(X),(X),(X),(X),72500,23042,(X),(X),(X),(X),40833,22662,(X),(X),(X),(X),62500,5408,2716,292,16.8,1.6,40597,2381,5147,350,31.8,2,46555,2118,6497,413,40.1,2.3,81698,2664,1835,261,11.3,1.6,101709,8966,7793,484,7793,484,28001,1870,4094,268,52.5,2.7,25147,1928,3413,257,43.8,2.5,21793,2226,681,141,8.7,1.9,51761,13042,3699,357,47.5,2.7,33109,4756,2716,292,34.9,2.4,25202,2145,983,171,12.6,2,76055,14243
36117,"Wayne County, New York",36578,434,36578,434,53693,1648,34994,446,95.7,0.5,54288,1683,857,119,2.3,0.3,32790,12574,70,41,0.2,0.1,50938,27900,147,67,0.4,0.2,85125,41491,26,39,0.1,0.1,-,**,228,99,0.6,0.3,37357,18350,256,73,0.7,0.2,53571,14911,889,115,2.4,0.3,40341,13414,34364,438,93.9,0.5,54428,1709,984,195,2.7,0.5,34007,3510,9591,315,26.2,0.8,62300,2818,16104,332,44,0.9,62733,3688,9899,289,27.1,0.7,37251,1497,24455,474,24455,474,64637,2283,9268,387,37.9,1.5,63661,4084,15187,476,62.1,1.5,65246,2578,18472,525,75.5,1.5,75517,2165,6012,413,24.6,1.7,83385,3483,3815,324,15.6,1.3,33050,2947,1992,256,8.1,1,25867,4543,2168,265,8.9,1.1,41223,4171,1264,196,5.2,0.8,36837,7530,(X),(X),(X),(X),55895,2458,(X),(X),(X),(X),66098,5225,(X),(X),(X),(X),82035,3502,(X),(X),(X),(X),86164,5823,(X),(X),(X),(X),78947,25867,(X),(X),(X),(X),68125,33704,4443,295,18.2,1.2,38844,3250,7004,539,28.6,2,48390,2800,10295,491,42.1,1.9,81631,2216,2713,274,11.1,1.1,106030,2651,12123,495,12123,495,31541,1108,6296,390,51.9,2.5,28559,1887,5252,332,43.3,2.3,25211,1330,1044,183,8.6,1.5,57628,10931,5827,394,48.1,2.5,34485,1819,4454,380,36.7,2.5,30554,1915,1373,248,11.3,2.1,65845,4576
36119,"Westchester County, New York",345885,1458,345885,1458,89968,1406,241533,1551,69.8,0.3,104724,1264,49924,934,14.4,0.3,56859,2843,1135,215,0.3,0.1,57946,10983,18675,492,5.4,0.1,123243,5035,55,38,0,0.1,120313,42404,28745,1176,8.3,0.3,52495,2074,5818,686,1.7,0.2,78542,13712,65741,1038,19,0.3,57809,1663,209856,1118,60.7,0.3,111583,1904,4862,457,1.4,0.1,31712,5446,96792,1289,28,0.3,94484,3306,149952,1276,43.4,0.3,111391,2152,94279,963,27.3,0.3,59377,1856,239896,1825,239896,1825,114923,1934,108664,1645,45.3,0.5,122408,2902,131232,1428,54.7,0.5,111548,1953,180366,2111,75.2,0.6,141064,1773,81532,1563,34,0.5,159483,3866,42986,1277,17.9,0.5,53172,1293,20302,981,8.5,0.4,38585,2453,16544,975,6.9,0.4,64653,4215,6830,622,2.8,0.3,49277,6039,(X),(X),(X),(X),96330,2025,(X),(X),(X),(X),112977,3177,(X),(X),(X),(X),147466,5173,(X),(X),(X),(X),137980,6491,(X),(X),(X),(X),117832,10808,(X),(X),(X),(X),132213,11802,26640,908,11.1,0.4,45009,1889,74879,1744,31.2,0.7,79681,1884,103173,1850,43,0.6,148591,2158,35204,1052,14.7,0.4,150876,4380,105989,1681,105989,1681,47495,1682,63829,1229,60.2,0.9,42741,1239,56833,1198,53.6,1,38909,1608,6996,597,6.6,0.5,94389,9872,42160,1236,39.8,0.9,54110,2667,34134,1167,32.2,0.9,46985,3252,8026,660,7.6,0.6,91000,10550
36121,"Wyoming County, New York",15686,280,15686,280,55459,2144,15439,273,98.4,0.4,55314,2162,20,21,0.1,0.1,-,**,66,29,0.4,0.2,-,**,28,22,0.2,0.1,-,**,0,24,0,0.2,-,**,63,47,0.4,0.3,93080,59776,70,35,0.4,0.2,66406,8678,184,61,1.2,0.4,-,**,15321,266,97.7,0.5,55462,2191,584,118,3.7,0.7,40833,5343,4313,193,27.5,1,61593,2581,6704,165,42.7,0.9,64383,3195,4085,139,26,0.9,36371,2802,10400,347,10400,347,66597,2712,4060,180,39,1.4,61529,3410,6340,280,61,1.4,70408,2726,8034,334,77.3,2,75055,1921,2668,193,25.7,1.8,75531,4448,1531,182,14.7,1.7,34901,6177,943,138,9.1,1.3,27644,9227,835,144,8,1.3,45080,3677,449,121,4.3,1.1,39844,8525,(X),(X),(X),(X),59776,2703,(X),(X),(X),(X),68735,3956,(X),(X),(X),(X),79641,4363,(X),(X),(X),(X),71675,5285,(X),(X),(X),(X),57450,36174,(X),(X),(X),(X),66250,14204,1701,170,16.4,1.5,39406,4717,3179,234,30.6,2.1,49119,5575,4286,289,41.2,2.3,79259,3240,1234,148,11.9,1.4,99671,5588,5286,300,5286,300,31502,2007,2627,213,49.7,2.8,25131,3095,2239,209,42.4,3.2,21941,1200,388,106,7.3,1.9,65682,12493,2659,209,50.3,2.8,37245,4756,2141,194,40.5,2.8,33766,3884,518,117,9.8,2.2,65357,15644
36123,"Yates County, New York",9338,316,9338,316,51758,3135,9149,298,98,0.7,52545,3062,87,56,0.9,0.6,-,**,0,21,0,0.3,-,**,4,9,0,0.1,-,**,0,21,0,0.3,-,**,48,37,0.5,0.4,51250,28519,50,28,0.5,0.3,43125,8133,137,34,1.5,0.4,65298,37453,9040,290,96.8,0.8,52513,3012,190,78,2,0.8,47917,24726,2363,159,25.3,1.2,50217,4610,3853,140,41.3,1.4,65713,4636,2932,131,31.4,1.2,39661,5851,6255,260,6255,260,66467,3459,2370,195,37.9,2.4,57622,8375,3885,200,62.1,2.4,70785,3289,5097,236,81.5,2.4,75619,3389,1627,156,26,2.2,81332,5788,835,151,13.3,2.2,29246,3165,520,111,8.3,1.7,23000,8117,323,97,5.2,1.6,39234,8973,223,87,3.6,1.4,27375,15258,(X),(X),(X),(X),61359,4771,(X),(X),(X),(X),74688,11885,(X),(X),(X),(X),66250,6326,(X),(X),(X),(X),59732,12019,(X),(X),(X),(X),82396,47363,(X),(X),(X),(X),90000,17063,1094,141,17.5,2.3,41600,8648,1986,229,31.8,3.1,49196,7341,2403,201,38.4,2.9,76907,5002,772,124,12.3,1.9,107885,14753,3083,270,3083,270,28263,2236,1729,196,56.1,3.8,29121,2467,1382,183,44.8,4.2,26667,4979,347,91,11.3,2.8,46458,4817,1354,161,43.9,3.8,26227,4606,1041,148,33.8,4.1,23515,1768,313,93,10.2,2.8,59250,11322